row_id,service,service_slug,keyword_group,keyword_slug,location,location_slug,market_scope,page_type,template_type,target_keyword,suggested_slug,parent_page_slug,priority,notes
1,Financial Reporting,financial-reporting,Financial Reporting,financial-reporting,London,london,city,core-service,service-page,Financial Reporting London,financial-reporting-london,financial-reporting-london,P1,Location-specific target page
2,Financial Reporting,financial-reporting,Financial Reporting,financial-reporting,South East London,south-east-london,district,core-service,service-page,Financial Reporting South East London,financial-reporting-south-east-london,financial-reporting-south-east-london,P3,Location-specific target page
3,Financial Reporting,financial-reporting,Financial Reporting,financial-reporting,East London,east-london,district,core-service,service-page,Financial Reporting East London,financial-reporting-east-london,financial-reporting-east-london,P3,Location-specific target page
4,Financial Reporting,financial-reporting,Financial Reporting,financial-reporting,Manchester,manchester,city,core-service,service-page,Financial Reporting Manchester,financial-reporting-manchester,financial-reporting-manchester,P2,Location-specific target page
5,Financial Reporting,financial-reporting,Financial Reporting,financial-reporting,City of London,city-of-london,district,core-service,service-page,Financial Reporting City of London,financial-reporting-city-of-london,financial-reporting-city-of-london,P2,Location-specific target page
6,Financial Reporting,financial-reporting,Financial Reporting,financial-reporting,Westminster,westminster,district,core-service,service-page,Financial Reporting Westminster,financial-reporting-westminster,financial-reporting-westminster,P2,Location-specific target page
7,Financial Reporting,financial-reporting,Financial Reporting,financial-reporting,Southwark,southwark,district,core-service,service-page,Financial Reporting Southwark,financial-reporting-southwark,financial-reporting-southwark,P2,Location-specific target page
8,Financial Reporting,financial-reporting,Financial Reporting,financial-reporting,London Bridge,london-bridge,district,core-service,service-page,Financial Reporting London Bridge,financial-reporting-london-bridge,financial-reporting-london-bridge,P2,Location-specific target page
9,Financial Reporting,financial-reporting,Financial Reporting,financial-reporting,King's Cross,kings-cross,district,core-service,service-page,Financial Reporting King's Cross,financial-reporting-kings-cross,financial-reporting-kings-cross,P3,Location-specific target page
10,Financial Reporting,financial-reporting,Financial Reporting,financial-reporting,Farringdon,farringdon,district,core-service,service-page,Financial Reporting Farringdon,financial-reporting-farringdon,financial-reporting-farringdon,P3,Location-specific target page
11,Financial Reporting,financial-reporting,Finance Performance,finance-performance,London,london,city,adjacent-service,service-page,Finance Performance London,finance-performance-london,financial-reporting-london,P1,Location-specific target page
12,Financial Reporting,financial-reporting,Finance Performance,finance-performance,South East London,south-east-london,district,adjacent-service,service-page,Finance Performance South East London,finance-performance-south-east-london,financial-reporting-south-east-london,P3,Location-specific target page
13,Financial Reporting,financial-reporting,Finance Performance,finance-performance,East London,east-london,district,adjacent-service,service-page,Finance Performance East London,finance-performance-east-london,financial-reporting-east-london,P3,Location-specific target page
14,Financial Reporting,financial-reporting,Finance Performance,finance-performance,Manchester,manchester,city,adjacent-service,service-page,Finance Performance Manchester,finance-performance-manchester,financial-reporting-manchester,P2,Location-specific target page
15,Financial Reporting,financial-reporting,Finance Performance,finance-performance,City of London,city-of-london,district,adjacent-service,service-page,Finance Performance City of London,finance-performance-city-of-london,financial-reporting-city-of-london,P3,Location-specific target page
16,Financial Reporting,financial-reporting,Finance Performance,finance-performance,Westminster,westminster,district,adjacent-service,service-page,Finance Performance Westminster,finance-performance-westminster,financial-reporting-westminster,P3,Location-specific target page
17,Financial Reporting,financial-reporting,Finance Performance,finance-performance,Southwark,southwark,district,adjacent-service,service-page,Finance Performance Southwark,finance-performance-southwark,financial-reporting-southwark,P3,Location-specific target page
18,Financial Reporting,financial-reporting,Finance Performance,finance-performance,London Bridge,london-bridge,district,adjacent-service,service-page,Finance Performance London Bridge,finance-performance-london-bridge,financial-reporting-london-bridge,P3,Location-specific target page
19,Financial Reporting,financial-reporting,Finance Performance,finance-performance,King's Cross,kings-cross,district,adjacent-service,service-page,Finance Performance King's Cross,finance-performance-kings-cross,financial-reporting-kings-cross,P3,Location-specific target page
20,Financial Reporting,financial-reporting,Finance Performance,finance-performance,Farringdon,farringdon,district,adjacent-service,service-page,Finance Performance Farringdon,finance-performance-farringdon,financial-reporting-farringdon,P3,Location-specific target page
21,Financial Reporting,financial-reporting,Finance analyst,finance-analyst,London,london,city,role-based,service-page,Finance analyst London,finance-analyst-london,financial-reporting-london,P1,Location-specific target page
22,Financial Reporting,financial-reporting,Finance analyst,finance-analyst,South East London,south-east-london,district,role-based,service-page,Finance analyst South East London,finance-analyst-south-east-london,financial-reporting-south-east-london,P3,Location-specific target page
23,Financial Reporting,financial-reporting,Finance analyst,finance-analyst,East London,east-london,district,role-based,service-page,Finance analyst East London,finance-analyst-east-london,financial-reporting-east-london,P3,Location-specific target page
24,Financial Reporting,financial-reporting,Finance analyst,finance-analyst,Manchester,manchester,city,role-based,service-page,Finance analyst Manchester,finance-analyst-manchester,financial-reporting-manchester,P2,Location-specific target page
25,Financial Reporting,financial-reporting,Finance analyst,finance-analyst,City of London,city-of-london,district,role-based,service-page,Finance analyst City of London,finance-analyst-city-of-london,financial-reporting-city-of-london,P3,Location-specific target page
26,Financial Reporting,financial-reporting,Finance analyst,finance-analyst,Westminster,westminster,district,role-based,service-page,Finance analyst Westminster,finance-analyst-westminster,financial-reporting-westminster,P3,Location-specific target page
27,Financial Reporting,financial-reporting,Finance analyst,finance-analyst,Southwark,southwark,district,role-based,service-page,Finance analyst Southwark,finance-analyst-southwark,financial-reporting-southwark,P3,Location-specific target page
28,Financial Reporting,financial-reporting,Finance analyst,finance-analyst,London Bridge,london-bridge,district,role-based,service-page,Finance analyst London Bridge,finance-analyst-london-bridge,financial-reporting-london-bridge,P3,Location-specific target page
29,Financial Reporting,financial-reporting,Finance analyst,finance-analyst,King's Cross,kings-cross,district,role-based,service-page,Finance analyst King's Cross,finance-analyst-kings-cross,financial-reporting-kings-cross,P3,Location-specific target page
30,Financial Reporting,financial-reporting,Finance analyst,finance-analyst,Farringdon,farringdon,district,role-based,service-page,Finance analyst Farringdon,finance-analyst-farringdon,financial-reporting-farringdon,P3,Location-specific target page
31,Financial Reporting,financial-reporting,Monthly Budget,monthly-budget,London,london,city,deliverable,service-page,Monthly Budget London,monthly-budget-london,financial-reporting-london,P1,Location-specific target page
32,Financial Reporting,financial-reporting,Monthly Budget,monthly-budget,South East London,south-east-london,district,deliverable,service-page,Monthly Budget South East London,monthly-budget-south-east-london,financial-reporting-south-east-london,P3,Location-specific target page
33,Financial Reporting,financial-reporting,Monthly Budget,monthly-budget,East London,east-london,district,deliverable,service-page,Monthly Budget East London,monthly-budget-east-london,financial-reporting-east-london,P3,Location-specific target page
34,Financial Reporting,financial-reporting,Monthly Budget,monthly-budget,Manchester,manchester,city,deliverable,service-page,Monthly Budget Manchester,monthly-budget-manchester,financial-reporting-manchester,P2,Location-specific target page
35,Financial Reporting,financial-reporting,Monthly Budget,monthly-budget,City of London,city-of-london,district,deliverable,service-page,Monthly Budget City of London,monthly-budget-city-of-london,financial-reporting-city-of-london,P3,Location-specific target page
36,Financial Reporting,financial-reporting,Monthly Budget,monthly-budget,Westminster,westminster,district,deliverable,service-page,Monthly Budget Westminster,monthly-budget-westminster,financial-reporting-westminster,P3,Location-specific target page
37,Financial Reporting,financial-reporting,Monthly Budget,monthly-budget,Southwark,southwark,district,deliverable,service-page,Monthly Budget Southwark,monthly-budget-southwark,financial-reporting-southwark,P3,Location-specific target page
38,Financial Reporting,financial-reporting,Monthly Budget,monthly-budget,London Bridge,london-bridge,district,deliverable,service-page,Monthly Budget London Bridge,monthly-budget-london-bridge,financial-reporting-london-bridge,P3,Location-specific target page
39,Financial Reporting,financial-reporting,Monthly Budget,monthly-budget,King's Cross,kings-cross,district,deliverable,service-page,Monthly Budget King's Cross,monthly-budget-kings-cross,financial-reporting-kings-cross,P3,Location-specific target page
40,Financial Reporting,financial-reporting,Monthly Budget,monthly-budget,Farringdon,farringdon,district,deliverable,service-page,Monthly Budget Farringdon,monthly-budget-farringdon,financial-reporting-farringdon,P3,Location-specific target page
41,Financial Reporting,financial-reporting,Variance analysis,variance-analysis,London,london,city,deliverable,service-page,Variance analysis London,variance-analysis-london,financial-reporting-london,P1,Location-specific target page
42,Financial Reporting,financial-reporting,Variance analysis,variance-analysis,South East London,south-east-london,district,deliverable,service-page,Variance analysis South East London,variance-analysis-south-east-london,financial-reporting-south-east-london,P3,Location-specific target page
43,Financial Reporting,financial-reporting,Variance analysis,variance-analysis,East London,east-london,district,deliverable,service-page,Variance analysis East London,variance-analysis-east-london,financial-reporting-east-london,P3,Location-specific target page
44,Financial Reporting,financial-reporting,Variance analysis,variance-analysis,Manchester,manchester,city,deliverable,service-page,Variance analysis Manchester,variance-analysis-manchester,financial-reporting-manchester,P2,Location-specific target page
45,Financial Reporting,financial-reporting,Variance analysis,variance-analysis,City of London,city-of-london,district,deliverable,service-page,Variance analysis City of London,variance-analysis-city-of-london,financial-reporting-city-of-london,P3,Location-specific target page
46,Financial Reporting,financial-reporting,Variance analysis,variance-analysis,Westminster,westminster,district,deliverable,service-page,Variance analysis Westminster,variance-analysis-westminster,financial-reporting-westminster,P3,Location-specific target page
47,Financial Reporting,financial-reporting,Variance analysis,variance-analysis,Southwark,southwark,district,deliverable,service-page,Variance analysis Southwark,variance-analysis-southwark,financial-reporting-southwark,P3,Location-specific target page
48,Financial Reporting,financial-reporting,Variance analysis,variance-analysis,London Bridge,london-bridge,district,deliverable,service-page,Variance analysis London Bridge,variance-analysis-london-bridge,financial-reporting-london-bridge,P3,Location-specific target page
49,Financial Reporting,financial-reporting,Variance analysis,variance-analysis,King's Cross,kings-cross,district,deliverable,service-page,Variance analysis King's Cross,variance-analysis-kings-cross,financial-reporting-kings-cross,P3,Location-specific target page
50,Financial Reporting,financial-reporting,Variance analysis,variance-analysis,Farringdon,farringdon,district,deliverable,service-page,Variance analysis Farringdon,variance-analysis-farringdon,financial-reporting-farringdon,P3,Location-specific target page
51,Financial Reporting,financial-reporting,Budget versus actual analysis,budget-versus-actual-analysis,London,london,city,deliverable,service-page,Budget versus actual analysis London,budget-versus-actual-analysis-london,financial-reporting-london,P1,Location-specific target page
52,Financial Reporting,financial-reporting,Budget versus actual analysis,budget-versus-actual-analysis,South East London,south-east-london,district,deliverable,service-page,Budget versus actual analysis South East London,budget-versus-actual-analysis-south-east-london,financial-reporting-south-east-london,P3,Location-specific target page
53,Financial Reporting,financial-reporting,Budget versus actual analysis,budget-versus-actual-analysis,East London,east-london,district,deliverable,service-page,Budget versus actual analysis East London,budget-versus-actual-analysis-east-london,financial-reporting-east-london,P3,Location-specific target page
54,Financial Reporting,financial-reporting,Budget versus actual analysis,budget-versus-actual-analysis,Manchester,manchester,city,deliverable,service-page,Budget versus actual analysis Manchester,budget-versus-actual-analysis-manchester,financial-reporting-manchester,P2,Location-specific target page
55,Financial Reporting,financial-reporting,Budget versus actual analysis,budget-versus-actual-analysis,City of London,city-of-london,district,deliverable,service-page,Budget versus actual analysis City of London,budget-versus-actual-analysis-city-of-london,financial-reporting-city-of-london,P3,Location-specific target page
56,Financial Reporting,financial-reporting,Budget versus actual analysis,budget-versus-actual-analysis,Westminster,westminster,district,deliverable,service-page,Budget versus actual analysis Westminster,budget-versus-actual-analysis-westminster,financial-reporting-westminster,P3,Location-specific target page
57,Financial Reporting,financial-reporting,Budget versus actual analysis,budget-versus-actual-analysis,Southwark,southwark,district,deliverable,service-page,Budget versus actual analysis Southwark,budget-versus-actual-analysis-southwark,financial-reporting-southwark,P3,Location-specific target page
58,Financial Reporting,financial-reporting,Budget versus actual analysis,budget-versus-actual-analysis,London Bridge,london-bridge,district,deliverable,service-page,Budget versus actual analysis London Bridge,budget-versus-actual-analysis-london-bridge,financial-reporting-london-bridge,P3,Location-specific target page
59,Financial Reporting,financial-reporting,Budget versus actual analysis,budget-versus-actual-analysis,King's Cross,kings-cross,district,deliverable,service-page,Budget versus actual analysis King's Cross,budget-versus-actual-analysis-kings-cross,financial-reporting-kings-cross,P3,Location-specific target page
60,Financial Reporting,financial-reporting,Budget versus actual analysis,budget-versus-actual-analysis,Farringdon,farringdon,district,deliverable,service-page,Budget versus actual analysis Farringdon,budget-versus-actual-analysis-farringdon,financial-reporting-farringdon,P3,Location-specific target page
61,Cashflow Management,cashflow-management,Cashflow Management,cashflow-management,London,london,city,core-service,service-page,Cashflow Management London,cashflow-management-london,cashflow-management-london,P1,Location-specific target page
62,Cashflow Management,cashflow-management,Cashflow Management,cashflow-management,South East London,south-east-london,district,core-service,service-page,Cashflow Management South East London,cashflow-management-south-east-london,cashflow-management-south-east-london,P3,Location-specific target page
63,Cashflow Management,cashflow-management,Cashflow Management,cashflow-management,East London,east-london,district,core-service,service-page,Cashflow Management East London,cashflow-management-east-london,cashflow-management-east-london,P3,Location-specific target page
64,Cashflow Management,cashflow-management,Cashflow Management,cashflow-management,Manchester,manchester,city,core-service,service-page,Cashflow Management Manchester,cashflow-management-manchester,cashflow-management-manchester,P2,Location-specific target page
65,Cashflow Management,cashflow-management,Cashflow Management,cashflow-management,City of London,city-of-london,district,core-service,service-page,Cashflow Management City of London,cashflow-management-city-of-london,cashflow-management-city-of-london,P2,Location-specific target page
66,Cashflow Management,cashflow-management,Cashflow Management,cashflow-management,Westminster,westminster,district,core-service,service-page,Cashflow Management Westminster,cashflow-management-westminster,cashflow-management-westminster,P2,Location-specific target page
67,Cashflow Management,cashflow-management,Cashflow Management,cashflow-management,Southwark,southwark,district,core-service,service-page,Cashflow Management Southwark,cashflow-management-southwark,cashflow-management-southwark,P2,Location-specific target page
68,Cashflow Management,cashflow-management,Cashflow Management,cashflow-management,London Bridge,london-bridge,district,core-service,service-page,Cashflow Management London Bridge,cashflow-management-london-bridge,cashflow-management-london-bridge,P2,Location-specific target page
69,Cashflow Management,cashflow-management,Cashflow Management,cashflow-management,King's Cross,kings-cross,district,core-service,service-page,Cashflow Management King's Cross,cashflow-management-kings-cross,cashflow-management-kings-cross,P3,Location-specific target page
70,Cashflow Management,cashflow-management,Cashflow Management,cashflow-management,Farringdon,farringdon,district,core-service,service-page,Cashflow Management Farringdon,cashflow-management-farringdon,cashflow-management-farringdon,P3,Location-specific target page
71,Cashflow Management,cashflow-management,Business Cash support,business-cash-support,London,london,city,support-service,service-page,Business Cash support London,business-cash-support-london,cashflow-management-london,P1,Location-specific target page
72,Cashflow Management,cashflow-management,Business Cash support,business-cash-support,South East London,south-east-london,district,support-service,service-page,Business Cash support South East London,business-cash-support-south-east-london,cashflow-management-south-east-london,P3,Location-specific target page
73,Cashflow Management,cashflow-management,Business Cash support,business-cash-support,East London,east-london,district,support-service,service-page,Business Cash support East London,business-cash-support-east-london,cashflow-management-east-london,P3,Location-specific target page
74,Cashflow Management,cashflow-management,Business Cash support,business-cash-support,Manchester,manchester,city,support-service,service-page,Business Cash support Manchester,business-cash-support-manchester,cashflow-management-manchester,P2,Location-specific target page
75,Cashflow Management,cashflow-management,Business Cash support,business-cash-support,City of London,city-of-london,district,support-service,service-page,Business Cash support City of London,business-cash-support-city-of-london,cashflow-management-city-of-london,P3,Location-specific target page
76,Cashflow Management,cashflow-management,Business Cash support,business-cash-support,Westminster,westminster,district,support-service,service-page,Business Cash support Westminster,business-cash-support-westminster,cashflow-management-westminster,P3,Location-specific target page
77,Cashflow Management,cashflow-management,Business Cash support,business-cash-support,Southwark,southwark,district,support-service,service-page,Business Cash support Southwark,business-cash-support-southwark,cashflow-management-southwark,P3,Location-specific target page
78,Cashflow Management,cashflow-management,Business Cash support,business-cash-support,London Bridge,london-bridge,district,support-service,service-page,Business Cash support London Bridge,business-cash-support-london-bridge,cashflow-management-london-bridge,P3,Location-specific target page
79,Cashflow Management,cashflow-management,Business Cash support,business-cash-support,King's Cross,kings-cross,district,support-service,service-page,Business Cash support King's Cross,business-cash-support-kings-cross,cashflow-management-kings-cross,P3,Location-specific target page
80,Cashflow Management,cashflow-management,Business Cash support,business-cash-support,Farringdon,farringdon,district,support-service,service-page,Business Cash support Farringdon,business-cash-support-farringdon,cashflow-management-farringdon,P3,Location-specific target page
81,Cashflow Management,cashflow-management,Business Finance support,business-finance-support,London,london,city,support-service,service-page,Business Finance support London,business-finance-support-london,cashflow-management-london,P1,Location-specific target page
82,Cashflow Management,cashflow-management,Business Finance support,business-finance-support,South East London,south-east-london,district,support-service,service-page,Business Finance support South East London,business-finance-support-south-east-london,cashflow-management-south-east-london,P3,Location-specific target page
83,Cashflow Management,cashflow-management,Business Finance support,business-finance-support,East London,east-london,district,support-service,service-page,Business Finance support East London,business-finance-support-east-london,cashflow-management-east-london,P3,Location-specific target page
84,Cashflow Management,cashflow-management,Business Finance support,business-finance-support,Manchester,manchester,city,support-service,service-page,Business Finance support Manchester,business-finance-support-manchester,cashflow-management-manchester,P2,Location-specific target page
85,Cashflow Management,cashflow-management,Business Finance support,business-finance-support,City of London,city-of-london,district,support-service,service-page,Business Finance support City of London,business-finance-support-city-of-london,cashflow-management-city-of-london,P3,Location-specific target page
86,Cashflow Management,cashflow-management,Business Finance support,business-finance-support,Westminster,westminster,district,support-service,service-page,Business Finance support Westminster,business-finance-support-westminster,cashflow-management-westminster,P3,Location-specific target page
87,Cashflow Management,cashflow-management,Business Finance support,business-finance-support,Southwark,southwark,district,support-service,service-page,Business Finance support Southwark,business-finance-support-southwark,cashflow-management-southwark,P3,Location-specific target page
88,Cashflow Management,cashflow-management,Business Finance support,business-finance-support,London Bridge,london-bridge,district,support-service,service-page,Business Finance support London Bridge,business-finance-support-london-bridge,cashflow-management-london-bridge,P3,Location-specific target page
89,Cashflow Management,cashflow-management,Business Finance support,business-finance-support,King's Cross,kings-cross,district,support-service,service-page,Business Finance support King's Cross,business-finance-support-kings-cross,cashflow-management-kings-cross,P3,Location-specific target page
90,Cashflow Management,cashflow-management,Business Finance support,business-finance-support,Farringdon,farringdon,district,support-service,service-page,Business Finance support Farringdon,business-finance-support-farringdon,cashflow-management-farringdon,P3,Location-specific target page
91,Cashflow Management,cashflow-management,Startup finance,startup-finance,London,london,city,audience,audience-page,Startup finance London,startup-finance-london,cashflow-management-london,P1,Location-specific target page
92,Cashflow Management,cashflow-management,Startup finance,startup-finance,South East London,south-east-london,district,audience,audience-page,Startup finance South East London,startup-finance-south-east-london,cashflow-management-south-east-london,P3,Location-specific target page
93,Cashflow Management,cashflow-management,Startup finance,startup-finance,East London,east-london,district,audience,audience-page,Startup finance East London,startup-finance-east-london,cashflow-management-east-london,P3,Location-specific target page
94,Cashflow Management,cashflow-management,Startup finance,startup-finance,Manchester,manchester,city,audience,audience-page,Startup finance Manchester,startup-finance-manchester,cashflow-management-manchester,P2,Location-specific target page
95,Cashflow Management,cashflow-management,Startup finance,startup-finance,City of London,city-of-london,district,audience,audience-page,Startup finance City of London,startup-finance-city-of-london,cashflow-management-city-of-london,P3,Location-specific target page
96,Cashflow Management,cashflow-management,Startup finance,startup-finance,Westminster,westminster,district,audience,audience-page,Startup finance Westminster,startup-finance-westminster,cashflow-management-westminster,P3,Location-specific target page
97,Cashflow Management,cashflow-management,Startup finance,startup-finance,Southwark,southwark,district,audience,audience-page,Startup finance Southwark,startup-finance-southwark,cashflow-management-southwark,P3,Location-specific target page
98,Cashflow Management,cashflow-management,Startup finance,startup-finance,London Bridge,london-bridge,district,audience,audience-page,Startup finance London Bridge,startup-finance-london-bridge,cashflow-management-london-bridge,P3,Location-specific target page
99,Cashflow Management,cashflow-management,Startup finance,startup-finance,King's Cross,kings-cross,district,audience,audience-page,Startup finance King's Cross,startup-finance-kings-cross,cashflow-management-kings-cross,P3,Location-specific target page
100,Cashflow Management,cashflow-management,Startup finance,startup-finance,Farringdon,farringdon,district,audience,audience-page,Startup finance Farringdon,startup-finance-farringdon,cashflow-management-farringdon,P3,Location-specific target page
101,Generic,generic,Finance support,finance-support,London,london,city,generic-service,service-page,Finance support London,finance-support-london,generic-london,P1,Location-specific target page
102,Generic,generic,Finance support,finance-support,South East London,south-east-london,district,generic-service,service-page,Finance support South East London,finance-support-south-east-london,generic-south-east-london,P3,Location-specific target page
103,Generic,generic,Finance support,finance-support,East London,east-london,district,generic-service,service-page,Finance support East London,finance-support-east-london,generic-east-london,P3,Location-specific target page
104,Generic,generic,Finance support,finance-support,Manchester,manchester,city,generic-service,service-page,Finance support Manchester,finance-support-manchester,generic-manchester,P2,Location-specific target page
105,Generic,generic,Finance support,finance-support,City of London,city-of-london,district,generic-service,service-page,Finance support City of London,finance-support-city-of-london,generic-city-of-london,P3,Location-specific target page
106,Generic,generic,Finance support,finance-support,Westminster,westminster,district,generic-service,service-page,Finance support Westminster,finance-support-westminster,generic-westminster,P3,Location-specific target page
107,Generic,generic,Finance support,finance-support,Southwark,southwark,district,generic-service,service-page,Finance support Southwark,finance-support-southwark,generic-southwark,P3,Location-specific target page
108,Generic,generic,Finance support,finance-support,London Bridge,london-bridge,district,generic-service,service-page,Finance support London Bridge,finance-support-london-bridge,generic-london-bridge,P3,Location-specific target page
109,Generic,generic,Finance support,finance-support,King's Cross,kings-cross,district,generic-service,service-page,Finance support King's Cross,finance-support-kings-cross,generic-kings-cross,P3,Location-specific target page
110,Generic,generic,Finance support,finance-support,Farringdon,farringdon,district,generic-service,service-page,Finance support Farringdon,finance-support-farringdon,generic-farringdon,P3,Location-specific target page
111,Generic,generic,Finance help,finance-help,London,london,city,generic-service,service-page,Finance help London,finance-help-london,generic-london,P1,Location-specific target page
112,Generic,generic,Finance help,finance-help,South East London,south-east-london,district,generic-service,service-page,Finance help South East London,finance-help-south-east-london,generic-south-east-london,P3,Location-specific target page
113,Generic,generic,Finance help,finance-help,East London,east-london,district,generic-service,service-page,Finance help East London,finance-help-east-london,generic-east-london,P3,Location-specific target page
114,Generic,generic,Finance help,finance-help,Manchester,manchester,city,generic-service,service-page,Finance help Manchester,finance-help-manchester,generic-manchester,P2,Location-specific target page
115,Generic,generic,Finance help,finance-help,City of London,city-of-london,district,generic-service,service-page,Finance help City of London,finance-help-city-of-london,generic-city-of-london,P3,Location-specific target page
116,Generic,generic,Finance help,finance-help,Westminster,westminster,district,generic-service,service-page,Finance help Westminster,finance-help-westminster,generic-westminster,P3,Location-specific target page
117,Generic,generic,Finance help,finance-help,Southwark,southwark,district,generic-service,service-page,Finance help Southwark,finance-help-southwark,generic-southwark,P3,Location-specific target page
118,Generic,generic,Finance help,finance-help,London Bridge,london-bridge,district,generic-service,service-page,Finance help London Bridge,finance-help-london-bridge,generic-london-bridge,P3,Location-specific target page
119,Generic,generic,Finance help,finance-help,King's Cross,kings-cross,district,generic-service,service-page,Finance help King's Cross,finance-help-kings-cross,generic-kings-cross,P3,Location-specific target page
120,Generic,generic,Finance help,finance-help,Farringdon,farringdon,district,generic-service,service-page,Finance help Farringdon,finance-help-farringdon,generic-farringdon,P3,Location-specific target page
121,Monthly CFO,monthly-cfo,Monthly CFO,monthly-cfo,London,london,city,core-service,service-page,Monthly CFO London,monthly-cfo-london,monthly-cfo-london,P1,Location-specific target page
122,Monthly CFO,monthly-cfo,Monthly CFO,monthly-cfo,South East London,south-east-london,district,core-service,service-page,Monthly CFO South East London,monthly-cfo-south-east-london,monthly-cfo-south-east-london,P3,Location-specific target page
123,Monthly CFO,monthly-cfo,Monthly CFO,monthly-cfo,East London,east-london,district,core-service,service-page,Monthly CFO East London,monthly-cfo-east-london,monthly-cfo-east-london,P3,Location-specific target page
124,Monthly CFO,monthly-cfo,Monthly CFO,monthly-cfo,Manchester,manchester,city,core-service,service-page,Monthly CFO Manchester,monthly-cfo-manchester,monthly-cfo-manchester,P2,Location-specific target page
125,Monthly CFO,monthly-cfo,Monthly CFO,monthly-cfo,City of London,city-of-london,district,core-service,service-page,Monthly CFO City of London,monthly-cfo-city-of-london,monthly-cfo-city-of-london,P2,Location-specific target page
126,Monthly CFO,monthly-cfo,Monthly CFO,monthly-cfo,Westminster,westminster,district,core-service,service-page,Monthly CFO Westminster,monthly-cfo-westminster,monthly-cfo-westminster,P2,Location-specific target page
127,Monthly CFO,monthly-cfo,Monthly CFO,monthly-cfo,Southwark,southwark,district,core-service,service-page,Monthly CFO Southwark,monthly-cfo-southwark,monthly-cfo-southwark,P2,Location-specific target page
128,Monthly CFO,monthly-cfo,Monthly CFO,monthly-cfo,London Bridge,london-bridge,district,core-service,service-page,Monthly CFO London Bridge,monthly-cfo-london-bridge,monthly-cfo-london-bridge,P2,Location-specific target page
129,Monthly CFO,monthly-cfo,Monthly CFO,monthly-cfo,King's Cross,kings-cross,district,core-service,service-page,Monthly CFO King's Cross,monthly-cfo-kings-cross,monthly-cfo-kings-cross,P3,Location-specific target page
130,Monthly CFO,monthly-cfo,Monthly CFO,monthly-cfo,Farringdon,farringdon,district,core-service,service-page,Monthly CFO Farringdon,monthly-cfo-farringdon,monthly-cfo-farringdon,P3,Location-specific target page
131,Monthly CFO,monthly-cfo,Outsourced accountant,outsourced-accountant,London,london,city,delivery-model,service-page,Outsourced accountant London,outsourced-accountant-london,monthly-cfo-london,P1,Location-specific target page
132,Monthly CFO,monthly-cfo,Outsourced accountant,outsourced-accountant,South East London,south-east-london,district,delivery-model,service-page,Outsourced accountant South East London,outsourced-accountant-south-east-london,monthly-cfo-south-east-london,P3,Location-specific target page
133,Monthly CFO,monthly-cfo,Outsourced accountant,outsourced-accountant,East London,east-london,district,delivery-model,service-page,Outsourced accountant East London,outsourced-accountant-east-london,monthly-cfo-east-london,P3,Location-specific target page
134,Monthly CFO,monthly-cfo,Outsourced accountant,outsourced-accountant,Manchester,manchester,city,delivery-model,service-page,Outsourced accountant Manchester,outsourced-accountant-manchester,monthly-cfo-manchester,P2,Location-specific target page
135,Monthly CFO,monthly-cfo,Outsourced accountant,outsourced-accountant,City of London,city-of-london,district,delivery-model,service-page,Outsourced accountant City of London,outsourced-accountant-city-of-london,monthly-cfo-city-of-london,P3,Location-specific target page
136,Monthly CFO,monthly-cfo,Outsourced accountant,outsourced-accountant,Westminster,westminster,district,delivery-model,service-page,Outsourced accountant Westminster,outsourced-accountant-westminster,monthly-cfo-westminster,P3,Location-specific target page
137,Monthly CFO,monthly-cfo,Outsourced accountant,outsourced-accountant,Southwark,southwark,district,delivery-model,service-page,Outsourced accountant Southwark,outsourced-accountant-southwark,monthly-cfo-southwark,P3,Location-specific target page
138,Monthly CFO,monthly-cfo,Outsourced accountant,outsourced-accountant,London Bridge,london-bridge,district,delivery-model,service-page,Outsourced accountant London Bridge,outsourced-accountant-london-bridge,monthly-cfo-london-bridge,P3,Location-specific target page
139,Monthly CFO,monthly-cfo,Outsourced accountant,outsourced-accountant,King's Cross,kings-cross,district,delivery-model,service-page,Outsourced accountant King's Cross,outsourced-accountant-kings-cross,monthly-cfo-kings-cross,P3,Location-specific target page
140,Monthly CFO,monthly-cfo,Outsourced accountant,outsourced-accountant,Farringdon,farringdon,district,delivery-model,service-page,Outsourced accountant Farringdon,outsourced-accountant-farringdon,monthly-cfo-farringdon,P3,Location-specific target page
141,Monthly CFO,monthly-cfo,Freelance accountant,freelance-accountant,London,london,city,delivery-model,service-page,Freelance accountant London,freelance-accountant-london,monthly-cfo-london,P1,Location-specific target page
142,Monthly CFO,monthly-cfo,Freelance accountant,freelance-accountant,South East London,south-east-london,district,delivery-model,service-page,Freelance accountant South East London,freelance-accountant-south-east-london,monthly-cfo-south-east-london,P3,Location-specific target page
143,Monthly CFO,monthly-cfo,Freelance accountant,freelance-accountant,East London,east-london,district,delivery-model,service-page,Freelance accountant East London,freelance-accountant-east-london,monthly-cfo-east-london,P3,Location-specific target page
144,Monthly CFO,monthly-cfo,Freelance accountant,freelance-accountant,Manchester,manchester,city,delivery-model,service-page,Freelance accountant Manchester,freelance-accountant-manchester,monthly-cfo-manchester,P2,Location-specific target page
145,Monthly CFO,monthly-cfo,Freelance accountant,freelance-accountant,City of London,city-of-london,district,delivery-model,service-page,Freelance accountant City of London,freelance-accountant-city-of-london,monthly-cfo-city-of-london,P3,Location-specific target page
146,Monthly CFO,monthly-cfo,Freelance accountant,freelance-accountant,Westminster,westminster,district,delivery-model,service-page,Freelance accountant Westminster,freelance-accountant-westminster,monthly-cfo-westminster,P3,Location-specific target page
147,Monthly CFO,monthly-cfo,Freelance accountant,freelance-accountant,Southwark,southwark,district,delivery-model,service-page,Freelance accountant Southwark,freelance-accountant-southwark,monthly-cfo-southwark,P3,Location-specific target page
148,Monthly CFO,monthly-cfo,Freelance accountant,freelance-accountant,London Bridge,london-bridge,district,delivery-model,service-page,Freelance accountant London Bridge,freelance-accountant-london-bridge,monthly-cfo-london-bridge,P3,Location-specific target page
149,Monthly CFO,monthly-cfo,Freelance accountant,freelance-accountant,King's Cross,kings-cross,district,delivery-model,service-page,Freelance accountant King's Cross,freelance-accountant-kings-cross,monthly-cfo-kings-cross,P3,Location-specific target page
150,Monthly CFO,monthly-cfo,Freelance accountant,freelance-accountant,Farringdon,farringdon,district,delivery-model,service-page,Freelance accountant Farringdon,freelance-accountant-farringdon,monthly-cfo-farringdon,P3,Location-specific target page
151,Monthly CFO,monthly-cfo,Finance director support,finance-director-support,London,london,city,support-service,service-page,Finance director support London,finance-director-support-london,monthly-cfo-london,P1,Location-specific target page
152,Monthly CFO,monthly-cfo,Finance director support,finance-director-support,South East London,south-east-london,district,support-service,service-page,Finance director support South East London,finance-director-support-south-east-london,monthly-cfo-south-east-london,P3,Location-specific target page
153,Monthly CFO,monthly-cfo,Finance director support,finance-director-support,East London,east-london,district,support-service,service-page,Finance director support East London,finance-director-support-east-london,monthly-cfo-east-london,P3,Location-specific target page
154,Monthly CFO,monthly-cfo,Finance director support,finance-director-support,Manchester,manchester,city,support-service,service-page,Finance director support Manchester,finance-director-support-manchester,monthly-cfo-manchester,P2,Location-specific target page
155,Monthly CFO,monthly-cfo,Finance director support,finance-director-support,City of London,city-of-london,district,support-service,service-page,Finance director support City of London,finance-director-support-city-of-london,monthly-cfo-city-of-london,P3,Location-specific target page
156,Monthly CFO,monthly-cfo,Finance director support,finance-director-support,Westminster,westminster,district,support-service,service-page,Finance director support Westminster,finance-director-support-westminster,monthly-cfo-westminster,P3,Location-specific target page
157,Monthly CFO,monthly-cfo,Finance director support,finance-director-support,Southwark,southwark,district,support-service,service-page,Finance director support Southwark,finance-director-support-southwark,monthly-cfo-southwark,P3,Location-specific target page
158,Monthly CFO,monthly-cfo,Finance director support,finance-director-support,London Bridge,london-bridge,district,support-service,service-page,Finance director support London Bridge,finance-director-support-london-bridge,monthly-cfo-london-bridge,P3,Location-specific target page
159,Monthly CFO,monthly-cfo,Finance director support,finance-director-support,King's Cross,kings-cross,district,support-service,service-page,Finance director support King's Cross,finance-director-support-kings-cross,monthly-cfo-kings-cross,P3,Location-specific target page
160,Monthly CFO,monthly-cfo,Finance director support,finance-director-support,Farringdon,farringdon,district,support-service,service-page,Finance director support Farringdon,finance-director-support-farringdon,monthly-cfo-farringdon,P3,Location-specific target page
161,Monthly CFO,monthly-cfo,Finance team,finance-team,London,london,city,team-model,service-page,Finance team London,finance-team-london,monthly-cfo-london,P1,Location-specific target page
162,Monthly CFO,monthly-cfo,Finance team,finance-team,South East London,south-east-london,district,team-model,service-page,Finance team South East London,finance-team-south-east-london,monthly-cfo-south-east-london,P3,Location-specific target page
163,Monthly CFO,monthly-cfo,Finance team,finance-team,East London,east-london,district,team-model,service-page,Finance team East London,finance-team-east-london,monthly-cfo-east-london,P3,Location-specific target page
164,Monthly CFO,monthly-cfo,Finance team,finance-team,Manchester,manchester,city,team-model,service-page,Finance team Manchester,finance-team-manchester,monthly-cfo-manchester,P2,Location-specific target page
165,Monthly CFO,monthly-cfo,Finance team,finance-team,City of London,city-of-london,district,team-model,service-page,Finance team City of London,finance-team-city-of-london,monthly-cfo-city-of-london,P3,Location-specific target page
166,Monthly CFO,monthly-cfo,Finance team,finance-team,Westminster,westminster,district,team-model,service-page,Finance team Westminster,finance-team-westminster,monthly-cfo-westminster,P3,Location-specific target page
167,Monthly CFO,monthly-cfo,Finance team,finance-team,Southwark,southwark,district,team-model,service-page,Finance team Southwark,finance-team-southwark,monthly-cfo-southwark,P3,Location-specific target page
168,Monthly CFO,monthly-cfo,Finance team,finance-team,London Bridge,london-bridge,district,team-model,service-page,Finance team London Bridge,finance-team-london-bridge,monthly-cfo-london-bridge,P3,Location-specific target page
169,Monthly CFO,monthly-cfo,Finance team,finance-team,King's Cross,kings-cross,district,team-model,service-page,Finance team King's Cross,finance-team-kings-cross,monthly-cfo-kings-cross,P3,Location-specific target page
170,Monthly CFO,monthly-cfo,Finance team,finance-team,Farringdon,farringdon,district,team-model,service-page,Finance team Farringdon,finance-team-farringdon,monthly-cfo-farringdon,P3,Location-specific target page
171,Monthly CFO,monthly-cfo,Part-time finance team,part-time-finance-team,London,london,city,team-model,service-page,Part-time finance team London,part-time-finance-team-london,monthly-cfo-london,P1,Location-specific target page
172,Monthly CFO,monthly-cfo,Part-time finance team,part-time-finance-team,South East London,south-east-london,district,team-model,service-page,Part-time finance team South East London,part-time-finance-team-south-east-london,monthly-cfo-south-east-london,P3,Location-specific target page
173,Monthly CFO,monthly-cfo,Part-time finance team,part-time-finance-team,East London,east-london,district,team-model,service-page,Part-time finance team East London,part-time-finance-team-east-london,monthly-cfo-east-london,P3,Location-specific target page
174,Monthly CFO,monthly-cfo,Part-time finance team,part-time-finance-team,Manchester,manchester,city,team-model,service-page,Part-time finance team Manchester,part-time-finance-team-manchester,monthly-cfo-manchester,P2,Location-specific target page
175,Monthly CFO,monthly-cfo,Part-time finance team,part-time-finance-team,City of London,city-of-london,district,team-model,service-page,Part-time finance team City of London,part-time-finance-team-city-of-london,monthly-cfo-city-of-london,P3,Location-specific target page
176,Monthly CFO,monthly-cfo,Part-time finance team,part-time-finance-team,Westminster,westminster,district,team-model,service-page,Part-time finance team Westminster,part-time-finance-team-westminster,monthly-cfo-westminster,P3,Location-specific target page
177,Monthly CFO,monthly-cfo,Part-time finance team,part-time-finance-team,Southwark,southwark,district,team-model,service-page,Part-time finance team Southwark,part-time-finance-team-southwark,monthly-cfo-southwark,P3,Location-specific target page
178,Monthly CFO,monthly-cfo,Part-time finance team,part-time-finance-team,London Bridge,london-bridge,district,team-model,service-page,Part-time finance team London Bridge,part-time-finance-team-london-bridge,monthly-cfo-london-bridge,P3,Location-specific target page
179,Monthly CFO,monthly-cfo,Part-time finance team,part-time-finance-team,King's Cross,kings-cross,district,team-model,service-page,Part-time finance team King's Cross,part-time-finance-team-kings-cross,monthly-cfo-kings-cross,P3,Location-specific target page
180,Monthly CFO,monthly-cfo,Part-time finance team,part-time-finance-team,Farringdon,farringdon,district,team-model,service-page,Part-time finance team Farringdon,part-time-finance-team-farringdon,monthly-cfo-farringdon,P3,Location-specific target page
181,Monthly CFO,monthly-cfo,Finance help,finance-help,London,london,city,generic-service,service-page,Finance help London,finance-help-london,monthly-cfo-london,P1,Duplicate keyword retained because it was provided under Monthly CFO as well as Generic
182,Monthly CFO,monthly-cfo,Finance help,finance-help,South East London,south-east-london,district,generic-service,service-page,Finance help South East London,finance-help-south-east-london,monthly-cfo-south-east-london,P3,Duplicate keyword retained because it was provided under Monthly CFO as well as Generic
183,Monthly CFO,monthly-cfo,Finance help,finance-help,East London,east-london,district,generic-service,service-page,Finance help East London,finance-help-east-london,monthly-cfo-east-london,P3,Duplicate keyword retained because it was provided under Monthly CFO as well as Generic
184,Monthly CFO,monthly-cfo,Finance help,finance-help,Manchester,manchester,city,generic-service,service-page,Finance help Manchester,finance-help-manchester,monthly-cfo-manchester,P2,Duplicate keyword retained because it was provided under Monthly CFO as well as Generic
185,Monthly CFO,monthly-cfo,Finance help,finance-help,City of London,city-of-london,district,generic-service,service-page,Finance help City of London,finance-help-city-of-london,monthly-cfo-city-of-london,P3,Duplicate keyword retained because it was provided under Monthly CFO as well as Generic
186,Monthly CFO,monthly-cfo,Finance help,finance-help,Westminster,westminster,district,generic-service,service-page,Finance help Westminster,finance-help-westminster,monthly-cfo-westminster,P3,Duplicate keyword retained because it was provided under Monthly CFO as well as Generic
187,Monthly CFO,monthly-cfo,Finance help,finance-help,Southwark,southwark,district,generic-service,service-page,Finance help Southwark,finance-help-southwark,monthly-cfo-southwark,P3,Duplicate keyword retained because it was provided under Monthly CFO as well as Generic
188,Monthly CFO,monthly-cfo,Finance help,finance-help,London Bridge,london-bridge,district,generic-service,service-page,Finance help London Bridge,finance-help-london-bridge,monthly-cfo-london-bridge,P3,Duplicate keyword retained because it was provided under Monthly CFO as well as Generic
189,Monthly CFO,monthly-cfo,Finance help,finance-help,King's Cross,kings-cross,district,generic-service,service-page,Finance help King's Cross,finance-help-kings-cross,monthly-cfo-kings-cross,P3,Duplicate keyword retained because it was provided under Monthly CFO as well as Generic
190,Monthly CFO,monthly-cfo,Finance help,finance-help,Farringdon,farringdon,district,generic-service,service-page,Finance help Farringdon,finance-help-farringdon,monthly-cfo-farringdon,P3,Duplicate keyword retained because it was provided under Monthly CFO as well as Generic
191,Monthly CFO,monthly-cfo,Fractional CFO,fractional-cfo,London,london,city,core-service,service-page,Fractional CFO London,fractional-cfo-london,monthly-cfo-london,P1,Location-specific target page
192,Monthly CFO,monthly-cfo,Fractional CFO,fractional-cfo,South East London,south-east-london,district,core-service,service-page,Fractional CFO South East London,fractional-cfo-south-east-london,monthly-cfo-south-east-london,P3,Location-specific target page
193,Monthly CFO,monthly-cfo,Fractional CFO,fractional-cfo,East London,east-london,district,core-service,service-page,Fractional CFO East London,fractional-cfo-east-london,monthly-cfo-east-london,P3,Location-specific target page
194,Monthly CFO,monthly-cfo,Fractional CFO,fractional-cfo,Manchester,manchester,city,core-service,service-page,Fractional CFO Manchester,fractional-cfo-manchester,monthly-cfo-manchester,P2,Location-specific target page
195,Monthly CFO,monthly-cfo,Fractional CFO,fractional-cfo,City of London,city-of-london,district,core-service,service-page,Fractional CFO City of London,fractional-cfo-city-of-london,monthly-cfo-city-of-london,P2,Location-specific target page
196,Monthly CFO,monthly-cfo,Fractional CFO,fractional-cfo,Westminster,westminster,district,core-service,service-page,Fractional CFO Westminster,fractional-cfo-westminster,monthly-cfo-westminster,P2,Location-specific target page
197,Monthly CFO,monthly-cfo,Fractional CFO,fractional-cfo,Southwark,southwark,district,core-service,service-page,Fractional CFO Southwark,fractional-cfo-southwark,monthly-cfo-southwark,P2,Location-specific target page
198,Monthly CFO,monthly-cfo,Fractional CFO,fractional-cfo,London Bridge,london-bridge,district,core-service,service-page,Fractional CFO London Bridge,fractional-cfo-london-bridge,monthly-cfo-london-bridge,P2,Location-specific target page
199,Monthly CFO,monthly-cfo,Fractional CFO,fractional-cfo,King's Cross,kings-cross,district,core-service,service-page,Fractional CFO King's Cross,fractional-cfo-kings-cross,monthly-cfo-kings-cross,P3,Location-specific target page
200,Monthly CFO,monthly-cfo,Fractional CFO,fractional-cfo,Farringdon,farringdon,district,core-service,service-page,Fractional CFO Farringdon,fractional-cfo-farringdon,monthly-cfo-farringdon,P3,Location-specific target page
201,Monthly CFO,monthly-cfo,Monthly Financial Reports,monthly-financial-reports,London,london,city,deliverable,service-page,Monthly Financial Reports London,monthly-financial-reports-london,monthly-cfo-london,P1,Location-specific target page
202,Monthly CFO,monthly-cfo,Monthly Financial Reports,monthly-financial-reports,South East London,south-east-london,district,deliverable,service-page,Monthly Financial Reports South East London,monthly-financial-reports-south-east-london,monthly-cfo-south-east-london,P3,Location-specific target page
203,Monthly CFO,monthly-cfo,Monthly Financial Reports,monthly-financial-reports,East London,east-london,district,deliverable,service-page,Monthly Financial Reports East London,monthly-financial-reports-east-london,monthly-cfo-east-london,P3,Location-specific target page
204,Monthly CFO,monthly-cfo,Monthly Financial Reports,monthly-financial-reports,Manchester,manchester,city,deliverable,service-page,Monthly Financial Reports Manchester,monthly-financial-reports-manchester,monthly-cfo-manchester,P2,Location-specific target page
205,Monthly CFO,monthly-cfo,Monthly Financial Reports,monthly-financial-reports,City of London,city-of-london,district,deliverable,service-page,Monthly Financial Reports City of London,monthly-financial-reports-city-of-london,monthly-cfo-city-of-london,P3,Location-specific target page
206,Monthly CFO,monthly-cfo,Monthly Financial Reports,monthly-financial-reports,Westminster,westminster,district,deliverable,service-page,Monthly Financial Reports Westminster,monthly-financial-reports-westminster,monthly-cfo-westminster,P3,Location-specific target page
207,Monthly CFO,monthly-cfo,Monthly Financial Reports,monthly-financial-reports,Southwark,southwark,district,deliverable,service-page,Monthly Financial Reports Southwark,monthly-financial-reports-southwark,monthly-cfo-southwark,P3,Location-specific target page
208,Monthly CFO,monthly-cfo,Monthly Financial Reports,monthly-financial-reports,London Bridge,london-bridge,district,deliverable,service-page,Monthly Financial Reports London Bridge,monthly-financial-reports-london-bridge,monthly-cfo-london-bridge,P3,Location-specific target page
209,Monthly CFO,monthly-cfo,Monthly Financial Reports,monthly-financial-reports,King's Cross,kings-cross,district,deliverable,service-page,Monthly Financial Reports King's Cross,monthly-financial-reports-kings-cross,monthly-cfo-kings-cross,P3,Location-specific target page
210,Monthly CFO,monthly-cfo,Monthly Financial Reports,monthly-financial-reports,Farringdon,farringdon,district,deliverable,service-page,Monthly Financial Reports Farringdon,monthly-financial-reports-farringdon,monthly-cfo-farringdon,P3,Location-specific target page
211,Monthly CFO,monthly-cfo,CFO Monthly Financial Report,cfo-monthly-financial-report,London,london,city,deliverable,service-page,CFO Monthly Financial Report London,cfo-monthly-financial-report-london,monthly-cfo-london,P1,Location-specific target page
212,Monthly CFO,monthly-cfo,CFO Monthly Financial Report,cfo-monthly-financial-report,South East London,south-east-london,district,deliverable,service-page,CFO Monthly Financial Report South East London,cfo-monthly-financial-report-south-east-london,monthly-cfo-south-east-london,P3,Location-specific target page
213,Monthly CFO,monthly-cfo,CFO Monthly Financial Report,cfo-monthly-financial-report,East London,east-london,district,deliverable,service-page,CFO Monthly Financial Report East London,cfo-monthly-financial-report-east-london,monthly-cfo-east-london,P3,Location-specific target page
214,Monthly CFO,monthly-cfo,CFO Monthly Financial Report,cfo-monthly-financial-report,Manchester,manchester,city,deliverable,service-page,CFO Monthly Financial Report Manchester,cfo-monthly-financial-report-manchester,monthly-cfo-manchester,P2,Location-specific target page
215,Monthly CFO,monthly-cfo,CFO Monthly Financial Report,cfo-monthly-financial-report,City of London,city-of-london,district,deliverable,service-page,CFO Monthly Financial Report City of London,cfo-monthly-financial-report-city-of-london,monthly-cfo-city-of-london,P3,Location-specific target page
216,Monthly CFO,monthly-cfo,CFO Monthly Financial Report,cfo-monthly-financial-report,Westminster,westminster,district,deliverable,service-page,CFO Monthly Financial Report Westminster,cfo-monthly-financial-report-westminster,monthly-cfo-westminster,P3,Location-specific target page
217,Monthly CFO,monthly-cfo,CFO Monthly Financial Report,cfo-monthly-financial-report,Southwark,southwark,district,deliverable,service-page,CFO Monthly Financial Report Southwark,cfo-monthly-financial-report-southwark,monthly-cfo-southwark,P3,Location-specific target page
218,Monthly CFO,monthly-cfo,CFO Monthly Financial Report,cfo-monthly-financial-report,London Bridge,london-bridge,district,deliverable,service-page,CFO Monthly Financial Report London Bridge,cfo-monthly-financial-report-london-bridge,monthly-cfo-london-bridge,P3,Location-specific target page
219,Monthly CFO,monthly-cfo,CFO Monthly Financial Report,cfo-monthly-financial-report,King's Cross,kings-cross,district,deliverable,service-page,CFO Monthly Financial Report King's Cross,cfo-monthly-financial-report-kings-cross,monthly-cfo-kings-cross,P3,Location-specific target page
220,Monthly CFO,monthly-cfo,CFO Monthly Financial Report,cfo-monthly-financial-report,Farringdon,farringdon,district,deliverable,service-page,CFO Monthly Financial Report Farringdon,cfo-monthly-financial-report-farringdon,monthly-cfo-farringdon,P3,Location-specific target page
221,Monthly CFO,monthly-cfo,Monthly Management Meetings,monthly-management-meetings,London,london,city,deliverable,service-page,Monthly Management Meetings London,monthly-management-meetings-london,monthly-cfo-london,P1,Location-specific target page
222,Monthly CFO,monthly-cfo,Monthly Management Meetings,monthly-management-meetings,South East London,south-east-london,district,deliverable,service-page,Monthly Management Meetings South East London,monthly-management-meetings-south-east-london,monthly-cfo-south-east-london,P3,Location-specific target page
223,Monthly CFO,monthly-cfo,Monthly Management Meetings,monthly-management-meetings,East London,east-london,district,deliverable,service-page,Monthly Management Meetings East London,monthly-management-meetings-east-london,monthly-cfo-east-london,P3,Location-specific target page
224,Monthly CFO,monthly-cfo,Monthly Management Meetings,monthly-management-meetings,Manchester,manchester,city,deliverable,service-page,Monthly Management Meetings Manchester,monthly-management-meetings-manchester,monthly-cfo-manchester,P2,Location-specific target page
225,Monthly CFO,monthly-cfo,Monthly Management Meetings,monthly-management-meetings,City of London,city-of-london,district,deliverable,service-page,Monthly Management Meetings City of London,monthly-management-meetings-city-of-london,monthly-cfo-city-of-london,P3,Location-specific target page
226,Monthly CFO,monthly-cfo,Monthly Management Meetings,monthly-management-meetings,Westminster,westminster,district,deliverable,service-page,Monthly Management Meetings Westminster,monthly-management-meetings-westminster,monthly-cfo-westminster,P3,Location-specific target page
227,Monthly CFO,monthly-cfo,Monthly Management Meetings,monthly-management-meetings,Southwark,southwark,district,deliverable,service-page,Monthly Management Meetings Southwark,monthly-management-meetings-southwark,monthly-cfo-southwark,P3,Location-specific target page
228,Monthly CFO,monthly-cfo,Monthly Management Meetings,monthly-management-meetings,London Bridge,london-bridge,district,deliverable,service-page,Monthly Management Meetings London Bridge,monthly-management-meetings-london-bridge,monthly-cfo-london-bridge,P3,Location-specific target page
229,Monthly CFO,monthly-cfo,Monthly Management Meetings,monthly-management-meetings,King's Cross,kings-cross,district,deliverable,service-page,Monthly Management Meetings King's Cross,monthly-management-meetings-kings-cross,monthly-cfo-kings-cross,P3,Location-specific target page
230,Monthly CFO,monthly-cfo,Monthly Management Meetings,monthly-management-meetings,Farringdon,farringdon,district,deliverable,service-page,Monthly Management Meetings Farringdon,monthly-management-meetings-farringdon,monthly-cfo-farringdon,P3,Location-specific target page
231,Monthly CFO,monthly-cfo,Fractional CFO Services,fractional-cfo-services,London,london,city,commercial,service-page,Fractional CFO Services London,fractional-cfo-services-london,monthly-cfo-london,P1,Location-specific target page
232,Monthly CFO,monthly-cfo,Fractional CFO Services,fractional-cfo-services,South East London,south-east-london,district,commercial,service-page,Fractional CFO Services South East London,fractional-cfo-services-south-east-london,monthly-cfo-south-east-london,P3,Location-specific target page
233,Monthly CFO,monthly-cfo,Fractional CFO Services,fractional-cfo-services,East London,east-london,district,commercial,service-page,Fractional CFO Services East London,fractional-cfo-services-east-london,monthly-cfo-east-london,P3,Location-specific target page
234,Monthly CFO,monthly-cfo,Fractional CFO Services,fractional-cfo-services,Manchester,manchester,city,commercial,service-page,Fractional CFO Services Manchester,fractional-cfo-services-manchester,monthly-cfo-manchester,P2,Location-specific target page
235,Monthly CFO,monthly-cfo,Fractional CFO Services,fractional-cfo-services,City of London,city-of-london,district,commercial,service-page,Fractional CFO Services City of London,fractional-cfo-services-city-of-london,monthly-cfo-city-of-london,P2,Location-specific target page
236,Monthly CFO,monthly-cfo,Fractional CFO Services,fractional-cfo-services,Westminster,westminster,district,commercial,service-page,Fractional CFO Services Westminster,fractional-cfo-services-westminster,monthly-cfo-westminster,P2,Location-specific target page
237,Monthly CFO,monthly-cfo,Fractional CFO Services,fractional-cfo-services,Southwark,southwark,district,commercial,service-page,Fractional CFO Services Southwark,fractional-cfo-services-southwark,monthly-cfo-southwark,P2,Location-specific target page
238,Monthly CFO,monthly-cfo,Fractional CFO Services,fractional-cfo-services,London Bridge,london-bridge,district,commercial,service-page,Fractional CFO Services London Bridge,fractional-cfo-services-london-bridge,monthly-cfo-london-bridge,P2,Location-specific target page
239,Monthly CFO,monthly-cfo,Fractional CFO Services,fractional-cfo-services,King's Cross,kings-cross,district,commercial,service-page,Fractional CFO Services King's Cross,fractional-cfo-services-kings-cross,monthly-cfo-kings-cross,P3,Location-specific target page
240,Monthly CFO,monthly-cfo,Fractional CFO Services,fractional-cfo-services,Farringdon,farringdon,district,commercial,service-page,Fractional CFO Services Farringdon,fractional-cfo-services-farringdon,monthly-cfo-farringdon,P3,Location-specific target page
241,Monthly CFO,monthly-cfo,Fractional CFO Consulting,fractional-cfo-consulting,London,london,city,commercial,service-page,Fractional CFO Consulting London,fractional-cfo-consulting-london,monthly-cfo-london,P1,Location-specific target page
242,Monthly CFO,monthly-cfo,Fractional CFO Consulting,fractional-cfo-consulting,South East London,south-east-london,district,commercial,service-page,Fractional CFO Consulting South East London,fractional-cfo-consulting-south-east-london,monthly-cfo-south-east-london,P3,Location-specific target page
243,Monthly CFO,monthly-cfo,Fractional CFO Consulting,fractional-cfo-consulting,East London,east-london,district,commercial,service-page,Fractional CFO Consulting East London,fractional-cfo-consulting-east-london,monthly-cfo-east-london,P3,Location-specific target page
244,Monthly CFO,monthly-cfo,Fractional CFO Consulting,fractional-cfo-consulting,Manchester,manchester,city,commercial,service-page,Fractional CFO Consulting Manchester,fractional-cfo-consulting-manchester,monthly-cfo-manchester,P2,Location-specific target page
245,Monthly CFO,monthly-cfo,Fractional CFO Consulting,fractional-cfo-consulting,City of London,city-of-london,district,commercial,service-page,Fractional CFO Consulting City of London,fractional-cfo-consulting-city-of-london,monthly-cfo-city-of-london,P2,Location-specific target page
246,Monthly CFO,monthly-cfo,Fractional CFO Consulting,fractional-cfo-consulting,Westminster,westminster,district,commercial,service-page,Fractional CFO Consulting Westminster,fractional-cfo-consulting-westminster,monthly-cfo-westminster,P2,Location-specific target page
247,Monthly CFO,monthly-cfo,Fractional CFO Consulting,fractional-cfo-consulting,Southwark,southwark,district,commercial,service-page,Fractional CFO Consulting Southwark,fractional-cfo-consulting-southwark,monthly-cfo-southwark,P2,Location-specific target page
248,Monthly CFO,monthly-cfo,Fractional CFO Consulting,fractional-cfo-consulting,London Bridge,london-bridge,district,commercial,service-page,Fractional CFO Consulting London Bridge,fractional-cfo-consulting-london-bridge,monthly-cfo-london-bridge,P2,Location-specific target page
249,Monthly CFO,monthly-cfo,Fractional CFO Consulting,fractional-cfo-consulting,King's Cross,kings-cross,district,commercial,service-page,Fractional CFO Consulting King's Cross,fractional-cfo-consulting-kings-cross,monthly-cfo-kings-cross,P3,Location-specific target page
250,Monthly CFO,monthly-cfo,Fractional CFO Consulting,fractional-cfo-consulting,Farringdon,farringdon,district,commercial,service-page,Fractional CFO Consulting Farringdon,fractional-cfo-consulting-farringdon,monthly-cfo-farringdon,P3,Location-specific target page
251,Monthly CFO,monthly-cfo,Fractional CFO Advise,fractional-cfo-advise,London,london,city,commercial,service-page,Fractional CFO Advise London,fractional-cfo-advise-london,monthly-cfo-london,P1,Location-specific target page
252,Monthly CFO,monthly-cfo,Fractional CFO Advise,fractional-cfo-advise,South East London,south-east-london,district,commercial,service-page,Fractional CFO Advise South East London,fractional-cfo-advise-south-east-london,monthly-cfo-south-east-london,P3,Location-specific target page
253,Monthly CFO,monthly-cfo,Fractional CFO Advise,fractional-cfo-advise,East London,east-london,district,commercial,service-page,Fractional CFO Advise East London,fractional-cfo-advise-east-london,monthly-cfo-east-london,P3,Location-specific target page
254,Monthly CFO,monthly-cfo,Fractional CFO Advise,fractional-cfo-advise,Manchester,manchester,city,commercial,service-page,Fractional CFO Advise Manchester,fractional-cfo-advise-manchester,monthly-cfo-manchester,P2,Location-specific target page
255,Monthly CFO,monthly-cfo,Fractional CFO Advise,fractional-cfo-advise,City of London,city-of-london,district,commercial,service-page,Fractional CFO Advise City of London,fractional-cfo-advise-city-of-london,monthly-cfo-city-of-london,P2,Location-specific target page
256,Monthly CFO,monthly-cfo,Fractional CFO Advise,fractional-cfo-advise,Westminster,westminster,district,commercial,service-page,Fractional CFO Advise Westminster,fractional-cfo-advise-westminster,monthly-cfo-westminster,P2,Location-specific target page
257,Monthly CFO,monthly-cfo,Fractional CFO Advise,fractional-cfo-advise,Southwark,southwark,district,commercial,service-page,Fractional CFO Advise Southwark,fractional-cfo-advise-southwark,monthly-cfo-southwark,P2,Location-specific target page
258,Monthly CFO,monthly-cfo,Fractional CFO Advise,fractional-cfo-advise,London Bridge,london-bridge,district,commercial,service-page,Fractional CFO Advise London Bridge,fractional-cfo-advise-london-bridge,monthly-cfo-london-bridge,P2,Location-specific target page
259,Monthly CFO,monthly-cfo,Fractional CFO Advise,fractional-cfo-advise,King's Cross,kings-cross,district,commercial,service-page,Fractional CFO Advise King's Cross,fractional-cfo-advise-kings-cross,monthly-cfo-kings-cross,P3,Location-specific target page
260,Monthly CFO,monthly-cfo,Fractional CFO Advise,fractional-cfo-advise,Farringdon,farringdon,district,commercial,service-page,Fractional CFO Advise Farringdon,fractional-cfo-advise-farringdon,monthly-cfo-farringdon,P3,Location-specific target page
261,Monthly CFO,monthly-cfo,Monthly Financial Review Checklist,monthly-financial-review-checklist,London,london,city,informational,guide-page,Monthly Financial Review Checklist London,monthly-financial-review-checklist-london,monthly-cfo-london,P1,Location-specific target page
262,Monthly CFO,monthly-cfo,Monthly Financial Review Checklist,monthly-financial-review-checklist,South East London,south-east-london,district,informational,guide-page,Monthly Financial Review Checklist South East London,monthly-financial-review-checklist-south-east-london,monthly-cfo-south-east-london,P3,Location-specific target page
263,Monthly CFO,monthly-cfo,Monthly Financial Review Checklist,monthly-financial-review-checklist,East London,east-london,district,informational,guide-page,Monthly Financial Review Checklist East London,monthly-financial-review-checklist-east-london,monthly-cfo-east-london,P3,Location-specific target page
264,Monthly CFO,monthly-cfo,Monthly Financial Review Checklist,monthly-financial-review-checklist,Manchester,manchester,city,informational,guide-page,Monthly Financial Review Checklist Manchester,monthly-financial-review-checklist-manchester,monthly-cfo-manchester,P3,Location-specific target page
265,Monthly CFO,monthly-cfo,Monthly Financial Review Checklist,monthly-financial-review-checklist,City of London,city-of-london,district,informational,guide-page,Monthly Financial Review Checklist City of London,monthly-financial-review-checklist-city-of-london,monthly-cfo-city-of-london,P3,Location-specific target page
266,Monthly CFO,monthly-cfo,Monthly Financial Review Checklist,monthly-financial-review-checklist,Westminster,westminster,district,informational,guide-page,Monthly Financial Review Checklist Westminster,monthly-financial-review-checklist-westminster,monthly-cfo-westminster,P3,Location-specific target page
267,Monthly CFO,monthly-cfo,Monthly Financial Review Checklist,monthly-financial-review-checklist,Southwark,southwark,district,informational,guide-page,Monthly Financial Review Checklist Southwark,monthly-financial-review-checklist-southwark,monthly-cfo-southwark,P3,Location-specific target page
268,Monthly CFO,monthly-cfo,Monthly Financial Review Checklist,monthly-financial-review-checklist,London Bridge,london-bridge,district,informational,guide-page,Monthly Financial Review Checklist London Bridge,monthly-financial-review-checklist-london-bridge,monthly-cfo-london-bridge,P3,Location-specific target page
269,Monthly CFO,monthly-cfo,Monthly Financial Review Checklist,monthly-financial-review-checklist,King's Cross,kings-cross,district,informational,guide-page,Monthly Financial Review Checklist King's Cross,monthly-financial-review-checklist-kings-cross,monthly-cfo-kings-cross,P3,Location-specific target page
270,Monthly CFO,monthly-cfo,Monthly Financial Review Checklist,monthly-financial-review-checklist,Farringdon,farringdon,district,informational,guide-page,Monthly Financial Review Checklist Farringdon,monthly-financial-review-checklist-farringdon,monthly-cfo-farringdon,P3,Location-specific target page
271,Monthly CFO,monthly-cfo,CFO Dashboard,cfo-dashboard,London,london,city,deliverable,service-page,CFO Dashboard London,cfo-dashboard-london,monthly-cfo-london,P1,Location-specific target page
272,Monthly CFO,monthly-cfo,CFO Dashboard,cfo-dashboard,South East London,south-east-london,district,deliverable,service-page,CFO Dashboard South East London,cfo-dashboard-south-east-london,monthly-cfo-south-east-london,P3,Location-specific target page
273,Monthly CFO,monthly-cfo,CFO Dashboard,cfo-dashboard,East London,east-london,district,deliverable,service-page,CFO Dashboard East London,cfo-dashboard-east-london,monthly-cfo-east-london,P3,Location-specific target page
274,Monthly CFO,monthly-cfo,CFO Dashboard,cfo-dashboard,Manchester,manchester,city,deliverable,service-page,CFO Dashboard Manchester,cfo-dashboard-manchester,monthly-cfo-manchester,P2,Location-specific target page
275,Monthly CFO,monthly-cfo,CFO Dashboard,cfo-dashboard,City of London,city-of-london,district,deliverable,service-page,CFO Dashboard City of London,cfo-dashboard-city-of-london,monthly-cfo-city-of-london,P3,Location-specific target page
276,Monthly CFO,monthly-cfo,CFO Dashboard,cfo-dashboard,Westminster,westminster,district,deliverable,service-page,CFO Dashboard Westminster,cfo-dashboard-westminster,monthly-cfo-westminster,P3,Location-specific target page
277,Monthly CFO,monthly-cfo,CFO Dashboard,cfo-dashboard,Southwark,southwark,district,deliverable,service-page,CFO Dashboard Southwark,cfo-dashboard-southwark,monthly-cfo-southwark,P3,Location-specific target page
278,Monthly CFO,monthly-cfo,CFO Dashboard,cfo-dashboard,London Bridge,london-bridge,district,deliverable,service-page,CFO Dashboard London Bridge,cfo-dashboard-london-bridge,monthly-cfo-london-bridge,P3,Location-specific target page
279,Monthly CFO,monthly-cfo,CFO Dashboard,cfo-dashboard,King's Cross,kings-cross,district,deliverable,service-page,CFO Dashboard King's Cross,cfo-dashboard-kings-cross,monthly-cfo-kings-cross,P3,Location-specific target page
280,Monthly CFO,monthly-cfo,CFO Dashboard,cfo-dashboard,Farringdon,farringdon,district,deliverable,service-page,CFO Dashboard Farringdon,cfo-dashboard-farringdon,monthly-cfo-farringdon,P3,Location-specific target page
281,Monthly CFO,monthly-cfo,Core Monthly CFO,core-monthly-cfo,London,london,city,core-service,service-page,Core Monthly CFO London,core-monthly-cfo-london,monthly-cfo-london,P1,Location-specific target page
282,Monthly CFO,monthly-cfo,Core Monthly CFO,core-monthly-cfo,South East London,south-east-london,district,core-service,service-page,Core Monthly CFO South East London,core-monthly-cfo-south-east-london,monthly-cfo-south-east-london,P3,Location-specific target page
283,Monthly CFO,monthly-cfo,Core Monthly CFO,core-monthly-cfo,East London,east-london,district,core-service,service-page,Core Monthly CFO East London,core-monthly-cfo-east-london,monthly-cfo-east-london,P3,Location-specific target page
284,Monthly CFO,monthly-cfo,Core Monthly CFO,core-monthly-cfo,Manchester,manchester,city,core-service,service-page,Core Monthly CFO Manchester,core-monthly-cfo-manchester,monthly-cfo-manchester,P2,Location-specific target page
285,Monthly CFO,monthly-cfo,Core Monthly CFO,core-monthly-cfo,City of London,city-of-london,district,core-service,service-page,Core Monthly CFO City of London,core-monthly-cfo-city-of-london,monthly-cfo-city-of-london,P2,Location-specific target page
286,Monthly CFO,monthly-cfo,Core Monthly CFO,core-monthly-cfo,Westminster,westminster,district,core-service,service-page,Core Monthly CFO Westminster,core-monthly-cfo-westminster,monthly-cfo-westminster,P2,Location-specific target page
287,Monthly CFO,monthly-cfo,Core Monthly CFO,core-monthly-cfo,Southwark,southwark,district,core-service,service-page,Core Monthly CFO Southwark,core-monthly-cfo-southwark,monthly-cfo-southwark,P2,Location-specific target page
288,Monthly CFO,monthly-cfo,Core Monthly CFO,core-monthly-cfo,London Bridge,london-bridge,district,core-service,service-page,Core Monthly CFO London Bridge,core-monthly-cfo-london-bridge,monthly-cfo-london-bridge,P2,Location-specific target page
289,Monthly CFO,monthly-cfo,Core Monthly CFO,core-monthly-cfo,King's Cross,kings-cross,district,core-service,service-page,Core Monthly CFO King's Cross,core-monthly-cfo-kings-cross,monthly-cfo-kings-cross,P3,Location-specific target page
290,Monthly CFO,monthly-cfo,Core Monthly CFO,core-monthly-cfo,Farringdon,farringdon,district,core-service,service-page,Core Monthly CFO Farringdon,core-monthly-cfo-farringdon,monthly-cfo-farringdon,P3,Location-specific target page
291,Monthly CFO,monthly-cfo,Monthly Financial review,monthly-financial-review,London,london,city,informational,guide-page,Monthly Financial review London,monthly-financial-review-london,monthly-cfo-london,P1,Location-specific target page
292,Monthly CFO,monthly-cfo,Monthly Financial review,monthly-financial-review,South East London,south-east-london,district,informational,guide-page,Monthly Financial review South East London,monthly-financial-review-south-east-london,monthly-cfo-south-east-london,P3,Location-specific target page
293,Monthly CFO,monthly-cfo,Monthly Financial review,monthly-financial-review,East London,east-london,district,informational,guide-page,Monthly Financial review East London,monthly-financial-review-east-london,monthly-cfo-east-london,P3,Location-specific target page
294,Monthly CFO,monthly-cfo,Monthly Financial review,monthly-financial-review,Manchester,manchester,city,informational,guide-page,Monthly Financial review Manchester,monthly-financial-review-manchester,monthly-cfo-manchester,P3,Location-specific target page
295,Monthly CFO,monthly-cfo,Monthly Financial review,monthly-financial-review,City of London,city-of-london,district,informational,guide-page,Monthly Financial review City of London,monthly-financial-review-city-of-london,monthly-cfo-city-of-london,P3,Location-specific target page
296,Monthly CFO,monthly-cfo,Monthly Financial review,monthly-financial-review,Westminster,westminster,district,informational,guide-page,Monthly Financial review Westminster,monthly-financial-review-westminster,monthly-cfo-westminster,P3,Location-specific target page
297,Monthly CFO,monthly-cfo,Monthly Financial review,monthly-financial-review,Southwark,southwark,district,informational,guide-page,Monthly Financial review Southwark,monthly-financial-review-southwark,monthly-cfo-southwark,P3,Location-specific target page
298,Monthly CFO,monthly-cfo,Monthly Financial review,monthly-financial-review,London Bridge,london-bridge,district,informational,guide-page,Monthly Financial review London Bridge,monthly-financial-review-london-bridge,monthly-cfo-london-bridge,P3,Location-specific target page
299,Monthly CFO,monthly-cfo,Monthly Financial review,monthly-financial-review,King's Cross,kings-cross,district,informational,guide-page,Monthly Financial review King's Cross,monthly-financial-review-kings-cross,monthly-cfo-kings-cross,P3,Location-specific target page
300,Monthly CFO,monthly-cfo,Monthly Financial review,monthly-financial-review,Farringdon,farringdon,district,informational,guide-page,Monthly Financial review Farringdon,monthly-financial-review-farringdon,monthly-cfo-farringdon,P3,Location-specific target page
301,Monthly CFO,monthly-cfo,FInancial controller,financial-controller,London,london,city,role-based,service-page,FInancial controller London,financial-controller-london,monthly-cfo-london,P1,Location-specific target page
302,Monthly CFO,monthly-cfo,FInancial controller,financial-controller,South East London,south-east-london,district,role-based,service-page,FInancial controller South East London,financial-controller-south-east-london,monthly-cfo-south-east-london,P3,Location-specific target page
303,Monthly CFO,monthly-cfo,FInancial controller,financial-controller,East London,east-london,district,role-based,service-page,FInancial controller East London,financial-controller-east-london,monthly-cfo-east-london,P3,Location-specific target page
304,Monthly CFO,monthly-cfo,FInancial controller,financial-controller,Manchester,manchester,city,role-based,service-page,FInancial controller Manchester,financial-controller-manchester,monthly-cfo-manchester,P2,Location-specific target page
305,Monthly CFO,monthly-cfo,FInancial controller,financial-controller,City of London,city-of-london,district,role-based,service-page,FInancial controller City of London,financial-controller-city-of-london,monthly-cfo-city-of-london,P3,Location-specific target page
306,Monthly CFO,monthly-cfo,FInancial controller,financial-controller,Westminster,westminster,district,role-based,service-page,FInancial controller Westminster,financial-controller-westminster,monthly-cfo-westminster,P3,Location-specific target page
307,Monthly CFO,monthly-cfo,FInancial controller,financial-controller,Southwark,southwark,district,role-based,service-page,FInancial controller Southwark,financial-controller-southwark,monthly-cfo-southwark,P3,Location-specific target page
308,Monthly CFO,monthly-cfo,FInancial controller,financial-controller,London Bridge,london-bridge,district,role-based,service-page,FInancial controller London Bridge,financial-controller-london-bridge,monthly-cfo-london-bridge,P3,Location-specific target page
309,Monthly CFO,monthly-cfo,FInancial controller,financial-controller,King's Cross,kings-cross,district,role-based,service-page,FInancial controller King's Cross,financial-controller-kings-cross,monthly-cfo-kings-cross,P3,Location-specific target page
310,Monthly CFO,monthly-cfo,FInancial controller,financial-controller,Farringdon,farringdon,district,role-based,service-page,FInancial controller Farringdon,financial-controller-farringdon,monthly-cfo-farringdon,P3,Location-specific target page
311,Monthly CFO,monthly-cfo,Virtual CFO,virtual-cfo,London,london,city,delivery-model,service-page,Virtual CFO London,virtual-cfo-london,monthly-cfo-london,P1,Location-specific target page
312,Monthly CFO,monthly-cfo,Virtual CFO,virtual-cfo,South East London,south-east-london,district,delivery-model,service-page,Virtual CFO South East London,virtual-cfo-south-east-london,monthly-cfo-south-east-london,P3,Location-specific target page
313,Monthly CFO,monthly-cfo,Virtual CFO,virtual-cfo,East London,east-london,district,delivery-model,service-page,Virtual CFO East London,virtual-cfo-east-london,monthly-cfo-east-london,P3,Location-specific target page
314,Monthly CFO,monthly-cfo,Virtual CFO,virtual-cfo,Manchester,manchester,city,delivery-model,service-page,Virtual CFO Manchester,virtual-cfo-manchester,monthly-cfo-manchester,P2,Location-specific target page
315,Monthly CFO,monthly-cfo,Virtual CFO,virtual-cfo,City of London,city-of-london,district,delivery-model,service-page,Virtual CFO City of London,virtual-cfo-city-of-london,monthly-cfo-city-of-london,P3,Location-specific target page
316,Monthly CFO,monthly-cfo,Virtual CFO,virtual-cfo,Westminster,westminster,district,delivery-model,service-page,Virtual CFO Westminster,virtual-cfo-westminster,monthly-cfo-westminster,P3,Location-specific target page
317,Monthly CFO,monthly-cfo,Virtual CFO,virtual-cfo,Southwark,southwark,district,delivery-model,service-page,Virtual CFO Southwark,virtual-cfo-southwark,monthly-cfo-southwark,P3,Location-specific target page
318,Monthly CFO,monthly-cfo,Virtual CFO,virtual-cfo,London Bridge,london-bridge,district,delivery-model,service-page,Virtual CFO London Bridge,virtual-cfo-london-bridge,monthly-cfo-london-bridge,P3,Location-specific target page
319,Monthly CFO,monthly-cfo,Virtual CFO,virtual-cfo,King's Cross,kings-cross,district,delivery-model,service-page,Virtual CFO King's Cross,virtual-cfo-kings-cross,monthly-cfo-kings-cross,P3,Location-specific target page
320,Monthly CFO,monthly-cfo,Virtual CFO,virtual-cfo,Farringdon,farringdon,district,delivery-model,service-page,Virtual CFO Farringdon,virtual-cfo-farringdon,monthly-cfo-farringdon,P3,Location-specific target page
321,Monthly CFO,monthly-cfo,Hire a fractional cfo,hire-a-fractional-cfo,London,london,city,transactional,landing-page,Hire a fractional cfo London,hire-a-fractional-cfo-london,monthly-cfo-london,P1,Location-specific target page
322,Monthly CFO,monthly-cfo,Hire a fractional cfo,hire-a-fractional-cfo,South East London,south-east-london,district,transactional,landing-page,Hire a fractional cfo South East London,hire-a-fractional-cfo-south-east-london,monthly-cfo-south-east-london,P3,Location-specific target page
323,Monthly CFO,monthly-cfo,Hire a fractional cfo,hire-a-fractional-cfo,East London,east-london,district,transactional,landing-page,Hire a fractional cfo East London,hire-a-fractional-cfo-east-london,monthly-cfo-east-london,P3,Location-specific target page
324,Monthly CFO,monthly-cfo,Hire a fractional cfo,hire-a-fractional-cfo,Manchester,manchester,city,transactional,landing-page,Hire a fractional cfo Manchester,hire-a-fractional-cfo-manchester,monthly-cfo-manchester,P2,Location-specific target page
325,Monthly CFO,monthly-cfo,Hire a fractional cfo,hire-a-fractional-cfo,City of London,city-of-london,district,transactional,landing-page,Hire a fractional cfo City of London,hire-a-fractional-cfo-city-of-london,monthly-cfo-city-of-london,P2,Location-specific target page
326,Monthly CFO,monthly-cfo,Hire a fractional cfo,hire-a-fractional-cfo,Westminster,westminster,district,transactional,landing-page,Hire a fractional cfo Westminster,hire-a-fractional-cfo-westminster,monthly-cfo-westminster,P2,Location-specific target page
327,Monthly CFO,monthly-cfo,Hire a fractional cfo,hire-a-fractional-cfo,Southwark,southwark,district,transactional,landing-page,Hire a fractional cfo Southwark,hire-a-fractional-cfo-southwark,monthly-cfo-southwark,P2,Location-specific target page
328,Monthly CFO,monthly-cfo,Hire a fractional cfo,hire-a-fractional-cfo,London Bridge,london-bridge,district,transactional,landing-page,Hire a fractional cfo London Bridge,hire-a-fractional-cfo-london-bridge,monthly-cfo-london-bridge,P2,Location-specific target page
329,Monthly CFO,monthly-cfo,Hire a fractional cfo,hire-a-fractional-cfo,King's Cross,kings-cross,district,transactional,landing-page,Hire a fractional cfo King's Cross,hire-a-fractional-cfo-kings-cross,monthly-cfo-kings-cross,P3,Location-specific target page
330,Monthly CFO,monthly-cfo,Hire a fractional cfo,hire-a-fractional-cfo,Farringdon,farringdon,district,transactional,landing-page,Hire a fractional cfo Farringdon,hire-a-fractional-cfo-farringdon,monthly-cfo-farringdon,P3,Location-specific target page
331,Monthly CFO,monthly-cfo,how to hire a fractional cfo,how-to-hire-a-fractional-cfo,London,london,city,informational,guide-page,how to hire a fractional cfo London,how-to-hire-a-fractional-cfo-london,monthly-cfo-london,P1,Location-specific target page
332,Monthly CFO,monthly-cfo,how to hire a fractional cfo,how-to-hire-a-fractional-cfo,South East London,south-east-london,district,informational,guide-page,how to hire a fractional cfo South East London,how-to-hire-a-fractional-cfo-south-east-london,monthly-cfo-south-east-london,P3,Location-specific target page
333,Monthly CFO,monthly-cfo,how to hire a fractional cfo,how-to-hire-a-fractional-cfo,East London,east-london,district,informational,guide-page,how to hire a fractional cfo East London,how-to-hire-a-fractional-cfo-east-london,monthly-cfo-east-london,P3,Location-specific target page
334,Monthly CFO,monthly-cfo,how to hire a fractional cfo,how-to-hire-a-fractional-cfo,Manchester,manchester,city,informational,guide-page,how to hire a fractional cfo Manchester,how-to-hire-a-fractional-cfo-manchester,monthly-cfo-manchester,P3,Location-specific target page
335,Monthly CFO,monthly-cfo,how to hire a fractional cfo,how-to-hire-a-fractional-cfo,City of London,city-of-london,district,informational,guide-page,how to hire a fractional cfo City of London,how-to-hire-a-fractional-cfo-city-of-london,monthly-cfo-city-of-london,P3,Location-specific target page
336,Monthly CFO,monthly-cfo,how to hire a fractional cfo,how-to-hire-a-fractional-cfo,Westminster,westminster,district,informational,guide-page,how to hire a fractional cfo Westminster,how-to-hire-a-fractional-cfo-westminster,monthly-cfo-westminster,P3,Location-specific target page
337,Monthly CFO,monthly-cfo,how to hire a fractional cfo,how-to-hire-a-fractional-cfo,Southwark,southwark,district,informational,guide-page,how to hire a fractional cfo Southwark,how-to-hire-a-fractional-cfo-southwark,monthly-cfo-southwark,P3,Location-specific target page
338,Monthly CFO,monthly-cfo,how to hire a fractional cfo,how-to-hire-a-fractional-cfo,London Bridge,london-bridge,district,informational,guide-page,how to hire a fractional cfo London Bridge,how-to-hire-a-fractional-cfo-london-bridge,monthly-cfo-london-bridge,P3,Location-specific target page
339,Monthly CFO,monthly-cfo,how to hire a fractional cfo,how-to-hire-a-fractional-cfo,King's Cross,kings-cross,district,informational,guide-page,how to hire a fractional cfo King's Cross,how-to-hire-a-fractional-cfo-kings-cross,monthly-cfo-kings-cross,P3,Location-specific target page
340,Monthly CFO,monthly-cfo,how to hire a fractional cfo,how-to-hire-a-fractional-cfo,Farringdon,farringdon,district,informational,guide-page,how to hire a fractional cfo Farringdon,how-to-hire-a-fractional-cfo-farringdon,monthly-cfo-farringdon,P3,Location-specific target page
341,Monthly CFO,monthly-cfo,fractional cfo uk,fractional-cfo-uk,London,london,city,national-intent,landing-page,fractional cfo uk London,fractional-cfo-uk-london,monthly-cfo-london,P1,Location-specific target page
342,Monthly CFO,monthly-cfo,fractional cfo uk,fractional-cfo-uk,South East London,south-east-london,district,national-intent,landing-page,fractional cfo uk South East London,fractional-cfo-uk-south-east-london,monthly-cfo-south-east-london,P3,Location-specific target page
343,Monthly CFO,monthly-cfo,fractional cfo uk,fractional-cfo-uk,East London,east-london,district,national-intent,landing-page,fractional cfo uk East London,fractional-cfo-uk-east-london,monthly-cfo-east-london,P3,Location-specific target page
344,Monthly CFO,monthly-cfo,fractional cfo uk,fractional-cfo-uk,Manchester,manchester,city,national-intent,landing-page,fractional cfo uk Manchester,fractional-cfo-uk-manchester,monthly-cfo-manchester,P2,Location-specific target page
345,Monthly CFO,monthly-cfo,fractional cfo uk,fractional-cfo-uk,City of London,city-of-london,district,national-intent,landing-page,fractional cfo uk City of London,fractional-cfo-uk-city-of-london,monthly-cfo-city-of-london,P3,Location-specific target page
346,Monthly CFO,monthly-cfo,fractional cfo uk,fractional-cfo-uk,Westminster,westminster,district,national-intent,landing-page,fractional cfo uk Westminster,fractional-cfo-uk-westminster,monthly-cfo-westminster,P3,Location-specific target page
347,Monthly CFO,monthly-cfo,fractional cfo uk,fractional-cfo-uk,Southwark,southwark,district,national-intent,landing-page,fractional cfo uk Southwark,fractional-cfo-uk-southwark,monthly-cfo-southwark,P3,Location-specific target page
348,Monthly CFO,monthly-cfo,fractional cfo uk,fractional-cfo-uk,London Bridge,london-bridge,district,national-intent,landing-page,fractional cfo uk London Bridge,fractional-cfo-uk-london-bridge,monthly-cfo-london-bridge,P3,Location-specific target page
349,Monthly CFO,monthly-cfo,fractional cfo uk,fractional-cfo-uk,King's Cross,kings-cross,district,national-intent,landing-page,fractional cfo uk King's Cross,fractional-cfo-uk-kings-cross,monthly-cfo-kings-cross,P3,Location-specific target page
350,Monthly CFO,monthly-cfo,fractional cfo uk,fractional-cfo-uk,Farringdon,farringdon,district,national-intent,landing-page,fractional cfo uk Farringdon,fractional-cfo-uk-farringdon,monthly-cfo-farringdon,P3,Location-specific target page
351,Monthly CFO,monthly-cfo,what does a fractional cfo do,what-does-a-fractional-cfo-do,London,london,city,informational,guide-page,what does a fractional cfo do London,what-does-a-fractional-cfo-do-london,monthly-cfo-london,P1,Location-specific target page
352,Monthly CFO,monthly-cfo,what does a fractional cfo do,what-does-a-fractional-cfo-do,South East London,south-east-london,district,informational,guide-page,what does a fractional cfo do South East London,what-does-a-fractional-cfo-do-south-east-london,monthly-cfo-south-east-london,P3,Location-specific target page
353,Monthly CFO,monthly-cfo,what does a fractional cfo do,what-does-a-fractional-cfo-do,East London,east-london,district,informational,guide-page,what does a fractional cfo do East London,what-does-a-fractional-cfo-do-east-london,monthly-cfo-east-london,P3,Location-specific target page
354,Monthly CFO,monthly-cfo,what does a fractional cfo do,what-does-a-fractional-cfo-do,Manchester,manchester,city,informational,guide-page,what does a fractional cfo do Manchester,what-does-a-fractional-cfo-do-manchester,monthly-cfo-manchester,P3,Location-specific target page
355,Monthly CFO,monthly-cfo,what does a fractional cfo do,what-does-a-fractional-cfo-do,City of London,city-of-london,district,informational,guide-page,what does a fractional cfo do City of London,what-does-a-fractional-cfo-do-city-of-london,monthly-cfo-city-of-london,P3,Location-specific target page
356,Monthly CFO,monthly-cfo,what does a fractional cfo do,what-does-a-fractional-cfo-do,Westminster,westminster,district,informational,guide-page,what does a fractional cfo do Westminster,what-does-a-fractional-cfo-do-westminster,monthly-cfo-westminster,P3,Location-specific target page
357,Monthly CFO,monthly-cfo,what does a fractional cfo do,what-does-a-fractional-cfo-do,Southwark,southwark,district,informational,guide-page,what does a fractional cfo do Southwark,what-does-a-fractional-cfo-do-southwark,monthly-cfo-southwark,P3,Location-specific target page
358,Monthly CFO,monthly-cfo,what does a fractional cfo do,what-does-a-fractional-cfo-do,London Bridge,london-bridge,district,informational,guide-page,what does a fractional cfo do London Bridge,what-does-a-fractional-cfo-do-london-bridge,monthly-cfo-london-bridge,P3,Location-specific target page
359,Monthly CFO,monthly-cfo,what does a fractional cfo do,what-does-a-fractional-cfo-do,King's Cross,kings-cross,district,informational,guide-page,what does a fractional cfo do King's Cross,what-does-a-fractional-cfo-do-kings-cross,monthly-cfo-kings-cross,P3,Location-specific target page
360,Monthly CFO,monthly-cfo,what does a fractional cfo do,what-does-a-fractional-cfo-do,Farringdon,farringdon,district,informational,guide-page,what does a fractional cfo do Farringdon,what-does-a-fractional-cfo-do-farringdon,monthly-cfo-farringdon,P3,Location-specific target page
361,Monthly CFO,monthly-cfo,what is fractional cfo,what-is-fractional-cfo,London,london,city,informational,guide-page,what is fractional cfo London,what-is-fractional-cfo-london,monthly-cfo-london,P1,Location-specific target page
362,Monthly CFO,monthly-cfo,what is fractional cfo,what-is-fractional-cfo,South East London,south-east-london,district,informational,guide-page,what is fractional cfo South East London,what-is-fractional-cfo-south-east-london,monthly-cfo-south-east-london,P3,Location-specific target page
363,Monthly CFO,monthly-cfo,what is fractional cfo,what-is-fractional-cfo,East London,east-london,district,informational,guide-page,what is fractional cfo East London,what-is-fractional-cfo-east-london,monthly-cfo-east-london,P3,Location-specific target page
364,Monthly CFO,monthly-cfo,what is fractional cfo,what-is-fractional-cfo,Manchester,manchester,city,informational,guide-page,what is fractional cfo Manchester,what-is-fractional-cfo-manchester,monthly-cfo-manchester,P3,Location-specific target page
365,Monthly CFO,monthly-cfo,what is fractional cfo,what-is-fractional-cfo,City of London,city-of-london,district,informational,guide-page,what is fractional cfo City of London,what-is-fractional-cfo-city-of-london,monthly-cfo-city-of-london,P3,Location-specific target page
366,Monthly CFO,monthly-cfo,what is fractional cfo,what-is-fractional-cfo,Westminster,westminster,district,informational,guide-page,what is fractional cfo Westminster,what-is-fractional-cfo-westminster,monthly-cfo-westminster,P3,Location-specific target page
367,Monthly CFO,monthly-cfo,what is fractional cfo,what-is-fractional-cfo,Southwark,southwark,district,informational,guide-page,what is fractional cfo Southwark,what-is-fractional-cfo-southwark,monthly-cfo-southwark,P3,Location-specific target page
368,Monthly CFO,monthly-cfo,what is fractional cfo,what-is-fractional-cfo,London Bridge,london-bridge,district,informational,guide-page,what is fractional cfo London Bridge,what-is-fractional-cfo-london-bridge,monthly-cfo-london-bridge,P3,Location-specific target page
369,Monthly CFO,monthly-cfo,what is fractional cfo,what-is-fractional-cfo,King's Cross,kings-cross,district,informational,guide-page,what is fractional cfo King's Cross,what-is-fractional-cfo-kings-cross,monthly-cfo-kings-cross,P3,Location-specific target page
370,Monthly CFO,monthly-cfo,what is fractional cfo,what-is-fractional-cfo,Farringdon,farringdon,district,informational,guide-page,what is fractional cfo Farringdon,what-is-fractional-cfo-farringdon,monthly-cfo-farringdon,P3,Location-specific target page
371,Monthly CFO,monthly-cfo,fractional cfo for startups,fractional-cfo-for-startups,London,london,city,audience,audience-page,fractional cfo for startups London,fractional-cfo-for-startups-london,monthly-cfo-london,P1,Location-specific target page
372,Monthly CFO,monthly-cfo,fractional cfo for startups,fractional-cfo-for-startups,South East London,south-east-london,district,audience,audience-page,fractional cfo for startups South East London,fractional-cfo-for-startups-south-east-london,monthly-cfo-south-east-london,P3,Location-specific target page
373,Monthly CFO,monthly-cfo,fractional cfo for startups,fractional-cfo-for-startups,East London,east-london,district,audience,audience-page,fractional cfo for startups East London,fractional-cfo-for-startups-east-london,monthly-cfo-east-london,P3,Location-specific target page
374,Monthly CFO,monthly-cfo,fractional cfo for startups,fractional-cfo-for-startups,Manchester,manchester,city,audience,audience-page,fractional cfo for startups Manchester,fractional-cfo-for-startups-manchester,monthly-cfo-manchester,P2,Location-specific target page
375,Monthly CFO,monthly-cfo,fractional cfo for startups,fractional-cfo-for-startups,City of London,city-of-london,district,audience,audience-page,fractional cfo for startups City of London,fractional-cfo-for-startups-city-of-london,monthly-cfo-city-of-london,P3,Location-specific target page
376,Monthly CFO,monthly-cfo,fractional cfo for startups,fractional-cfo-for-startups,Westminster,westminster,district,audience,audience-page,fractional cfo for startups Westminster,fractional-cfo-for-startups-westminster,monthly-cfo-westminster,P3,Location-specific target page
377,Monthly CFO,monthly-cfo,fractional cfo for startups,fractional-cfo-for-startups,Southwark,southwark,district,audience,audience-page,fractional cfo for startups Southwark,fractional-cfo-for-startups-southwark,monthly-cfo-southwark,P3,Location-specific target page
378,Monthly CFO,monthly-cfo,fractional cfo for startups,fractional-cfo-for-startups,London Bridge,london-bridge,district,audience,audience-page,fractional cfo for startups London Bridge,fractional-cfo-for-startups-london-bridge,monthly-cfo-london-bridge,P3,Location-specific target page
379,Monthly CFO,monthly-cfo,fractional cfo for startups,fractional-cfo-for-startups,King's Cross,kings-cross,district,audience,audience-page,fractional cfo for startups King's Cross,fractional-cfo-for-startups-kings-cross,monthly-cfo-kings-cross,P3,Location-specific target page
380,Monthly CFO,monthly-cfo,fractional cfo for startups,fractional-cfo-for-startups,Farringdon,farringdon,district,audience,audience-page,fractional cfo for startups Farringdon,fractional-cfo-for-startups-farringdon,monthly-cfo-farringdon,P3,Location-specific target page
381,Monthly CFO,monthly-cfo,best fractional cfo companies,best-fractional-cfo-companies,London,london,city,comparison,comparison-page,best fractional cfo companies London,best-fractional-cfo-companies-london,monthly-cfo-london,P1,Location-specific target page
382,Monthly CFO,monthly-cfo,best fractional cfo companies,best-fractional-cfo-companies,South East London,south-east-london,district,comparison,comparison-page,best fractional cfo companies South East London,best-fractional-cfo-companies-south-east-london,monthly-cfo-south-east-london,P3,Location-specific target page
383,Monthly CFO,monthly-cfo,best fractional cfo companies,best-fractional-cfo-companies,East London,east-london,district,comparison,comparison-page,best fractional cfo companies East London,best-fractional-cfo-companies-east-london,monthly-cfo-east-london,P3,Location-specific target page
384,Monthly CFO,monthly-cfo,best fractional cfo companies,best-fractional-cfo-companies,Manchester,manchester,city,comparison,comparison-page,best fractional cfo companies Manchester,best-fractional-cfo-companies-manchester,monthly-cfo-manchester,P2,Location-specific target page
385,Monthly CFO,monthly-cfo,best fractional cfo companies,best-fractional-cfo-companies,City of London,city-of-london,district,comparison,comparison-page,best fractional cfo companies City of London,best-fractional-cfo-companies-city-of-london,monthly-cfo-city-of-london,P3,Location-specific target page
386,Monthly CFO,monthly-cfo,best fractional cfo companies,best-fractional-cfo-companies,Westminster,westminster,district,comparison,comparison-page,best fractional cfo companies Westminster,best-fractional-cfo-companies-westminster,monthly-cfo-westminster,P3,Location-specific target page
387,Monthly CFO,monthly-cfo,best fractional cfo companies,best-fractional-cfo-companies,Southwark,southwark,district,comparison,comparison-page,best fractional cfo companies Southwark,best-fractional-cfo-companies-southwark,monthly-cfo-southwark,P3,Location-specific target page
388,Monthly CFO,monthly-cfo,best fractional cfo companies,best-fractional-cfo-companies,London Bridge,london-bridge,district,comparison,comparison-page,best fractional cfo companies London Bridge,best-fractional-cfo-companies-london-bridge,monthly-cfo-london-bridge,P3,Location-specific target page
389,Monthly CFO,monthly-cfo,best fractional cfo companies,best-fractional-cfo-companies,King's Cross,kings-cross,district,comparison,comparison-page,best fractional cfo companies King's Cross,best-fractional-cfo-companies-kings-cross,monthly-cfo-kings-cross,P3,Location-specific target page
390,Monthly CFO,monthly-cfo,best fractional cfo companies,best-fractional-cfo-companies,Farringdon,farringdon,district,comparison,comparison-page,best fractional cfo companies Farringdon,best-fractional-cfo-companies-farringdon,monthly-cfo-farringdon,P3,Location-specific target page
391,Financial Reporting,financial-reporting,Management Accounts,management-accounts,London,london,city,deliverable,service-page,Management Accounts London,management-accounts-london,financial-reporting-london,P1,Added to reach 450 pages with higher-intent service coverage
392,Financial Reporting,financial-reporting,Management Accounts,management-accounts,South East London,south-east-london,district,deliverable,service-page,Management Accounts South East London,management-accounts-south-east-london,financial-reporting-south-east-london,P3,Added to reach 450 pages with higher-intent service coverage
393,Financial Reporting,financial-reporting,Management Accounts,management-accounts,East London,east-london,district,deliverable,service-page,Management Accounts East London,management-accounts-east-london,financial-reporting-east-london,P3,Added to reach 450 pages with higher-intent service coverage
394,Financial Reporting,financial-reporting,Management Accounts,management-accounts,Manchester,manchester,city,deliverable,service-page,Management Accounts Manchester,management-accounts-manchester,financial-reporting-manchester,P2,Added to reach 450 pages with higher-intent service coverage
395,Financial Reporting,financial-reporting,Management Accounts,management-accounts,City of London,city-of-london,district,deliverable,service-page,Management Accounts City of London,management-accounts-city-of-london,financial-reporting-city-of-london,P3,Added to reach 450 pages with higher-intent service coverage
396,Financial Reporting,financial-reporting,Management Accounts,management-accounts,Westminster,westminster,district,deliverable,service-page,Management Accounts Westminster,management-accounts-westminster,financial-reporting-westminster,P3,Added to reach 450 pages with higher-intent service coverage
397,Financial Reporting,financial-reporting,Management Accounts,management-accounts,Southwark,southwark,district,deliverable,service-page,Management Accounts Southwark,management-accounts-southwark,financial-reporting-southwark,P3,Added to reach 450 pages with higher-intent service coverage
398,Financial Reporting,financial-reporting,Management Accounts,management-accounts,London Bridge,london-bridge,district,deliverable,service-page,Management Accounts London Bridge,management-accounts-london-bridge,financial-reporting-london-bridge,P3,Added to reach 450 pages with higher-intent service coverage
399,Financial Reporting,financial-reporting,Management Accounts,management-accounts,King's Cross,kings-cross,district,deliverable,service-page,Management Accounts King's Cross,management-accounts-kings-cross,financial-reporting-kings-cross,P3,Added to reach 450 pages with higher-intent service coverage
400,Financial Reporting,financial-reporting,Management Accounts,management-accounts,Farringdon,farringdon,district,deliverable,service-page,Management Accounts Farringdon,management-accounts-farringdon,financial-reporting-farringdon,P3,Added to reach 450 pages with higher-intent service coverage
401,Financial Reporting,financial-reporting,Monthly Management Accounts,monthly-management-accounts,London,london,city,deliverable,service-page,Monthly Management Accounts London,monthly-management-accounts-london,financial-reporting-london,P1,Added to reach 450 pages with higher-intent service coverage
402,Financial Reporting,financial-reporting,Monthly Management Accounts,monthly-management-accounts,South East London,south-east-london,district,deliverable,service-page,Monthly Management Accounts South East London,monthly-management-accounts-south-east-london,financial-reporting-south-east-london,P3,Added to reach 450 pages with higher-intent service coverage
403,Financial Reporting,financial-reporting,Monthly Management Accounts,monthly-management-accounts,East London,east-london,district,deliverable,service-page,Monthly Management Accounts East London,monthly-management-accounts-east-london,financial-reporting-east-london,P3,Added to reach 450 pages with higher-intent service coverage
404,Financial Reporting,financial-reporting,Monthly Management Accounts,monthly-management-accounts,Manchester,manchester,city,deliverable,service-page,Monthly Management Accounts Manchester,monthly-management-accounts-manchester,financial-reporting-manchester,P2,Added to reach 450 pages with higher-intent service coverage
405,Financial Reporting,financial-reporting,Monthly Management Accounts,monthly-management-accounts,City of London,city-of-london,district,deliverable,service-page,Monthly Management Accounts City of London,monthly-management-accounts-city-of-london,financial-reporting-city-of-london,P3,Added to reach 450 pages with higher-intent service coverage
406,Financial Reporting,financial-reporting,Monthly Management Accounts,monthly-management-accounts,Westminster,westminster,district,deliverable,service-page,Monthly Management Accounts Westminster,monthly-management-accounts-westminster,financial-reporting-westminster,P3,Added to reach 450 pages with higher-intent service coverage
407,Financial Reporting,financial-reporting,Monthly Management Accounts,monthly-management-accounts,Southwark,southwark,district,deliverable,service-page,Monthly Management Accounts Southwark,monthly-management-accounts-southwark,financial-reporting-southwark,P3,Added to reach 450 pages with higher-intent service coverage
408,Financial Reporting,financial-reporting,Monthly Management Accounts,monthly-management-accounts,London Bridge,london-bridge,district,deliverable,service-page,Monthly Management Accounts London Bridge,monthly-management-accounts-london-bridge,financial-reporting-london-bridge,P3,Added to reach 450 pages with higher-intent service coverage
409,Financial Reporting,financial-reporting,Monthly Management Accounts,monthly-management-accounts,King's Cross,kings-cross,district,deliverable,service-page,Monthly Management Accounts King's Cross,monthly-management-accounts-kings-cross,financial-reporting-kings-cross,P3,Added to reach 450 pages with higher-intent service coverage
410,Financial Reporting,financial-reporting,Monthly Management Accounts,monthly-management-accounts,Farringdon,farringdon,district,deliverable,service-page,Monthly Management Accounts Farringdon,monthly-management-accounts-farringdon,financial-reporting-farringdon,P3,Added to reach 450 pages with higher-intent service coverage
411,Cashflow Management,cashflow-management,Cash Flow Forecasting,cash-flow-forecasting,London,london,city,deliverable,service-page,Cash Flow Forecasting London,cash-flow-forecasting-london,cashflow-management-london,P1,Added to reach 450 pages with higher-intent service coverage
412,Cashflow Management,cashflow-management,Cash Flow Forecasting,cash-flow-forecasting,South East London,south-east-london,district,deliverable,service-page,Cash Flow Forecasting South East London,cash-flow-forecasting-south-east-london,cashflow-management-south-east-london,P3,Added to reach 450 pages with higher-intent service coverage
413,Cashflow Management,cashflow-management,Cash Flow Forecasting,cash-flow-forecasting,East London,east-london,district,deliverable,service-page,Cash Flow Forecasting East London,cash-flow-forecasting-east-london,cashflow-management-east-london,P3,Added to reach 450 pages with higher-intent service coverage
414,Cashflow Management,cashflow-management,Cash Flow Forecasting,cash-flow-forecasting,Manchester,manchester,city,deliverable,service-page,Cash Flow Forecasting Manchester,cash-flow-forecasting-manchester,cashflow-management-manchester,P2,Added to reach 450 pages with higher-intent service coverage
415,Cashflow Management,cashflow-management,Cash Flow Forecasting,cash-flow-forecasting,City of London,city-of-london,district,deliverable,service-page,Cash Flow Forecasting City of London,cash-flow-forecasting-city-of-london,cashflow-management-city-of-london,P3,Added to reach 450 pages with higher-intent service coverage
416,Cashflow Management,cashflow-management,Cash Flow Forecasting,cash-flow-forecasting,Westminster,westminster,district,deliverable,service-page,Cash Flow Forecasting Westminster,cash-flow-forecasting-westminster,cashflow-management-westminster,P3,Added to reach 450 pages with higher-intent service coverage
417,Cashflow Management,cashflow-management,Cash Flow Forecasting,cash-flow-forecasting,Southwark,southwark,district,deliverable,service-page,Cash Flow Forecasting Southwark,cash-flow-forecasting-southwark,cashflow-management-southwark,P3,Added to reach 450 pages with higher-intent service coverage
418,Cashflow Management,cashflow-management,Cash Flow Forecasting,cash-flow-forecasting,London Bridge,london-bridge,district,deliverable,service-page,Cash Flow Forecasting London Bridge,cash-flow-forecasting-london-bridge,cashflow-management-london-bridge,P3,Added to reach 450 pages with higher-intent service coverage
419,Cashflow Management,cashflow-management,Cash Flow Forecasting,cash-flow-forecasting,King's Cross,kings-cross,district,deliverable,service-page,Cash Flow Forecasting King's Cross,cash-flow-forecasting-kings-cross,cashflow-management-kings-cross,P3,Added to reach 450 pages with higher-intent service coverage
420,Cashflow Management,cashflow-management,Cash Flow Forecasting,cash-flow-forecasting,Farringdon,farringdon,district,deliverable,service-page,Cash Flow Forecasting Farringdon,cash-flow-forecasting-farringdon,cashflow-management-farringdon,P3,Added to reach 450 pages with higher-intent service coverage
421,Cashflow Management,cashflow-management,Cash Flow Forecast,cash-flow-forecast,London,london,city,deliverable,service-page,Cash Flow Forecast London,cash-flow-forecast-london,cashflow-management-london,P1,Added to reach 450 pages with higher-intent service coverage
422,Cashflow Management,cashflow-management,Cash Flow Forecast,cash-flow-forecast,South East London,south-east-london,district,deliverable,service-page,Cash Flow Forecast South East London,cash-flow-forecast-south-east-london,cashflow-management-south-east-london,P3,Added to reach 450 pages with higher-intent service coverage
423,Cashflow Management,cashflow-management,Cash Flow Forecast,cash-flow-forecast,East London,east-london,district,deliverable,service-page,Cash Flow Forecast East London,cash-flow-forecast-east-london,cashflow-management-east-london,P3,Added to reach 450 pages with higher-intent service coverage
424,Cashflow Management,cashflow-management,Cash Flow Forecast,cash-flow-forecast,Manchester,manchester,city,deliverable,service-page,Cash Flow Forecast Manchester,cash-flow-forecast-manchester,cashflow-management-manchester,P2,Added to reach 450 pages with higher-intent service coverage
425,Cashflow Management,cashflow-management,Cash Flow Forecast,cash-flow-forecast,City of London,city-of-london,district,deliverable,service-page,Cash Flow Forecast City of London,cash-flow-forecast-city-of-london,cashflow-management-city-of-london,P3,Added to reach 450 pages with higher-intent service coverage
426,Cashflow Management,cashflow-management,Cash Flow Forecast,cash-flow-forecast,Westminster,westminster,district,deliverable,service-page,Cash Flow Forecast Westminster,cash-flow-forecast-westminster,cashflow-management-westminster,P3,Added to reach 450 pages with higher-intent service coverage
427,Cashflow Management,cashflow-management,Cash Flow Forecast,cash-flow-forecast,Southwark,southwark,district,deliverable,service-page,Cash Flow Forecast Southwark,cash-flow-forecast-southwark,cashflow-management-southwark,P3,Added to reach 450 pages with higher-intent service coverage
428,Cashflow Management,cashflow-management,Cash Flow Forecast,cash-flow-forecast,London Bridge,london-bridge,district,deliverable,service-page,Cash Flow Forecast London Bridge,cash-flow-forecast-london-bridge,cashflow-management-london-bridge,P3,Added to reach 450 pages with higher-intent service coverage
429,Cashflow Management,cashflow-management,Cash Flow Forecast,cash-flow-forecast,King's Cross,kings-cross,district,deliverable,service-page,Cash Flow Forecast King's Cross,cash-flow-forecast-kings-cross,cashflow-management-kings-cross,P3,Added to reach 450 pages with higher-intent service coverage
430,Cashflow Management,cashflow-management,Cash Flow Forecast,cash-flow-forecast,Farringdon,farringdon,district,deliverable,service-page,Cash Flow Forecast Farringdon,cash-flow-forecast-farringdon,cashflow-management-farringdon,P3,Added to reach 450 pages with higher-intent service coverage
431,Generic,generic,Finance Business Partner,finance-business-partner,London,london,city,commercial,service-page,Finance Business Partner London,finance-business-partner-london,generic-london,P1,Added to reach 450 pages with higher-intent service coverage
432,Generic,generic,Finance Business Partner,finance-business-partner,South East London,south-east-london,district,commercial,service-page,Finance Business Partner South East London,finance-business-partner-south-east-london,generic-south-east-london,P3,Added to reach 450 pages with higher-intent service coverage
433,Generic,generic,Finance Business Partner,finance-business-partner,East London,east-london,district,commercial,service-page,Finance Business Partner East London,finance-business-partner-east-london,generic-east-london,P3,Added to reach 450 pages with higher-intent service coverage
434,Generic,generic,Finance Business Partner,finance-business-partner,Manchester,manchester,city,commercial,service-page,Finance Business Partner Manchester,finance-business-partner-manchester,generic-manchester,P2,Added to reach 450 pages with higher-intent service coverage
435,Generic,generic,Finance Business Partner,finance-business-partner,City of London,city-of-london,district,commercial,service-page,Finance Business Partner City of London,finance-business-partner-city-of-london,generic-city-of-london,P2,Added to reach 450 pages with higher-intent service coverage
436,Generic,generic,Finance Business Partner,finance-business-partner,Westminster,westminster,district,commercial,service-page,Finance Business Partner Westminster,finance-business-partner-westminster,generic-westminster,P2,Added to reach 450 pages with higher-intent service coverage
437,Generic,generic,Finance Business Partner,finance-business-partner,Southwark,southwark,district,commercial,service-page,Finance Business Partner Southwark,finance-business-partner-southwark,generic-southwark,P2,Added to reach 450 pages with higher-intent service coverage
438,Generic,generic,Finance Business Partner,finance-business-partner,London Bridge,london-bridge,district,commercial,service-page,Finance Business Partner London Bridge,finance-business-partner-london-bridge,generic-london-bridge,P2,Added to reach 450 pages with higher-intent service coverage
439,Generic,generic,Finance Business Partner,finance-business-partner,King's Cross,kings-cross,district,commercial,service-page,Finance Business Partner King's Cross,finance-business-partner-kings-cross,generic-kings-cross,P3,Added to reach 450 pages with higher-intent service coverage
440,Generic,generic,Finance Business Partner,finance-business-partner,Farringdon,farringdon,district,commercial,service-page,Finance Business Partner Farringdon,finance-business-partner-farringdon,generic-farringdon,P3,Added to reach 450 pages with higher-intent service coverage
441,Generic,generic,Outsourced Finance Team,outsourced-finance-team,London,london,city,delivery-model,service-page,Outsourced Finance Team London,outsourced-finance-team-london,generic-london,P1,Added to reach 450 pages with higher-intent service coverage
442,Generic,generic,Outsourced Finance Team,outsourced-finance-team,South East London,south-east-london,district,delivery-model,service-page,Outsourced Finance Team South East London,outsourced-finance-team-south-east-london,generic-south-east-london,P3,Added to reach 450 pages with higher-intent service coverage
443,Generic,generic,Outsourced Finance Team,outsourced-finance-team,East London,east-london,district,delivery-model,service-page,Outsourced Finance Team East London,outsourced-finance-team-east-london,generic-east-london,P3,Added to reach 450 pages with higher-intent service coverage
444,Generic,generic,Outsourced Finance Team,outsourced-finance-team,Manchester,manchester,city,delivery-model,service-page,Outsourced Finance Team Manchester,outsourced-finance-team-manchester,generic-manchester,P2,Added to reach 450 pages with higher-intent service coverage
445,Generic,generic,Outsourced Finance Team,outsourced-finance-team,City of London,city-of-london,district,delivery-model,service-page,Outsourced Finance Team City of London,outsourced-finance-team-city-of-london,generic-city-of-london,P2,Added to reach 450 pages with higher-intent service coverage
446,Generic,generic,Outsourced Finance Team,outsourced-finance-team,Westminster,westminster,district,delivery-model,service-page,Outsourced Finance Team Westminster,outsourced-finance-team-westminster,generic-westminster,P2,Added to reach 450 pages with higher-intent service coverage
447,Generic,generic,Outsourced Finance Team,outsourced-finance-team,Southwark,southwark,district,delivery-model,service-page,Outsourced Finance Team Southwark,outsourced-finance-team-southwark,generic-southwark,P2,Added to reach 450 pages with higher-intent service coverage
448,Generic,generic,Outsourced Finance Team,outsourced-finance-team,London Bridge,london-bridge,district,delivery-model,service-page,Outsourced Finance Team London Bridge,outsourced-finance-team-london-bridge,generic-london-bridge,P2,Added to reach 450 pages with higher-intent service coverage
449,Generic,generic,Outsourced Finance Team,outsourced-finance-team,King's Cross,kings-cross,district,delivery-model,service-page,Outsourced Finance Team King's Cross,outsourced-finance-team-kings-cross,generic-kings-cross,P3,Added to reach 450 pages with higher-intent service coverage
450,Generic,generic,Outsourced Finance Team,outsourced-finance-team,Farringdon,farringdon,district,delivery-model,service-page,Outsourced Finance Team Farringdon,outsourced-finance-team-farringdon,generic-farringdon,P3,Added to reach 450 pages with higher-intent service coverage
